"Txhash","Blockno","UnixTimestamp","DateTime","From","To","ContractAddress","Value_IN(ETH)","Value_OUT(ETH)","CurrentValue @ $0/Eth","TxnFee(ETH)","TxnFee(USD)","Historical $Price/Eth","Status","ErrCode","Method"
"0x7c47adafe7fda59be432ad055b1684e603cbd904dfc6daaa024d3af0d49aff13","8797095","1680987036","2023-04-08 20:50:36","0x6cc9397c3b38739dacbfaa68ead5f5d77ba5f455","0x297adbb802536bb79b5d7d580b25074d4e40de33","","0.0251953752","0","0","0.001063662885054","0","","","","Transfer",""
"0x1b7af4acb358469580843cda0aeebf19c60a3ea3b8747dbb906259b95eb16d1e","8805210","1681112532","2023-04-10 07:42:12","0x007ab5199b6c57f7aa51bc3d0604a43505501a0c","0x297adbb802536bb79b5d7d580b25074d4e40de33","","0.001","0","0","0.005709510464805","0","","","","Transfer",""
"0x1d528f8d2813c55a50ad162f449229b01fe46807708823ffacdcc1603854db24","8841604","1681680900","2023-04-16 21:35:00","0x297adbb802536bb79b5d7d580b25074d4e40de33","0xdbd71249fe60c9f9bf581b3594734e295eafa9b2","","0","1","0","0.000474039004108338","0","","","","Deposit ETH",""
"0xf74c9b18bf3f6fd958f0855c65baceecf6b5b7338069431fb5516ef4414a89d4","8849248","1681803360","2023-04-18 07:36:00","0x297adbb802536bb79b5d7d580b25074d4e40de33","0x636af16bf2f682dd3109e60102b8e1a089fedaa8","","0","0.7","0","0.001503117013027014","0","","","","Deposit ETH",""
"0x6113d972eee111c27e5698643ec860d9fa866b036a52b7e66cdd791a9ff0b995","8852424","1681856160","2023-04-18 22:16:00","0x297adbb802536bb79b5d7d580b25074d4e40de33","","0x178d5ca7472de26b98269741018fcaf975bb1fab","0","0","0","0.06081735","0","","","","0x60806040",""
"0x246eba27ee7cf834de2d6814ff09f688ff32fac6bf5509a4148d5775562cbbbc","8852429","1681856256","2023-04-18 22:17:36","0x297adbb802536bb79b5d7d580b25074d4e40de33","","0x1c2e8b4b6958316a5d9f11b22cb53aab132a2d36","0","0","0","0.055875525","0","","","","0x60806040",""
"0x558f599a705443df2c2344ac1c918a3f7e3aee376f18957f1da53b0b67da185e","8852430","1681856268","2023-04-18 22:17:48","0x297adbb802536bb79b5d7d580b25074d4e40de33","0x1c2e8b4b6958316a5d9f11b22cb53aab132a2d36","","0","0","0","0.0017368","0","","","","0xa3274c9b",""
"0xfaa0f2e7e2cb175cac8fdd1f5374763604de79264aab998b11be79c4f3b46cc7","8852431","1681856280","2023-04-18 22:18:00","0x297adbb802536bb79b5d7d580b25074d4e40de33","0x1c2e8b4b6958316a5d9f11b22cb53aab132a2d36","","0","0","0","0.0017371","0","","","","0xa3274c9b",""
"0x3d56897ff6be097b0d0f5883c93294f0afa1b6bc3d0aefe3451145345e9749fb","8852432","1681856316","2023-04-18 22:18:36","0x297adbb802536bb79b5d7d580b25074d4e40de33","0x1c2e8b4b6958316a5d9f11b22cb53aab132a2d36","","0","0","0","0.0017371","0","","","","0xa3274c9b",""
"0x235d5dc3158ba7685d1805579c64dec5bcbfd920291506af93acf6a4a09fd2ae","8852433","1681856328","2023-04-18 22:18:48","0x297adbb802536bb79b5d7d580b25074d4e40de33","0x1c2e8b4b6958316a5d9f11b22cb53aab132a2d36","","0","0","0","0.0013096","0","","","","0xa3274c9b",""
"0x906a89c0105ea0a3b3092976859e3ff64df7a5eea9a3a0cf8848acce2eb1c24e","8852434","1681856340","2023-04-18 22:19:00","0x297adbb802536bb79b5d7d580b25074d4e40de33","0x1c2e8b4b6958316a5d9f11b22cb53aab132a2d36","","0","0","0","0.0013096","0","","","","0xa3274c9b",""
"0x96727d2042b8db7107ba8cd47bfe4d03ef14702b1dff412ffda7fa33c53107fc","8852435","1681856352","2023-04-18 22:19:12","0x297adbb802536bb79b5d7d580b25074d4e40de33","0x1c2e8b4b6958316a5d9f11b22cb53aab132a2d36","","0","0","0","0.0013096","0","","","","0xa3274c9b",""
"0xeca32227f92c987d3d4162785ee18084690310c12060e3adc383b0b519fdc854","8852436","1681856376","2023-04-18 22:19:36","0x297adbb802536bb79b5d7d580b25074d4e40de33","0x1c2e8b4b6958316a5d9f11b22cb53aab132a2d36","","0","0","0","0.0013096","0","","","","0xa3274c9b",""
"0x448dfd0adc345f61ff433457c224bac582296b368fa153f7ed63450cbc1ddeb8","8852437","1681856388","2023-04-18 22:19:48","0x297adbb802536bb79b5d7d580b25074d4e40de33","0x1c2e8b4b6958316a5d9f11b22cb53aab132a2d36","","0","0","0","0.0013096","0","","","","0xa3274c9b",""
"0x30484d5e39bcb904b40b70ca28608e8a86f9d6e79b912a4556c7d74df6a86615","8852438","1681856400","2023-04-18 22:20:00","0x297adbb802536bb79b5d7d580b25074d4e40de33","0x1c2e8b4b6958316a5d9f11b22cb53aab132a2d36","","0","0","0","0.0013096","0","","","","0xa3274c9b",""
"0xe83fd5c4400129f1908c999784022173ca14a3d67b39862a2ce3a7c48f27d7a5","8852439","1681856412","2023-04-18 22:20:12","0x297adbb802536bb79b5d7d580b25074d4e40de33","0x1c2e8b4b6958316a5d9f11b22cb53aab132a2d36","","0","0","0","0.0013096","0","","","","0xa3274c9b",""
"0x04040b5ad38d84fbc6cc7425419756c0c06fbda37b5241362d99a6cd477faa49","8852440","1681856424","2023-04-18 22:20:24","0x297adbb802536bb79b5d7d580b25074d4e40de33","0x1c2e8b4b6958316a5d9f11b22cb53aab132a2d36","","0","0","0","0.0013096","0","","","","0xa3274c9b",""
"0xfae64da078138e1bc5970c62d37d0d6e78be8fe3668a86a2969f0d5d30e55d9a","8852441","1681856448","2023-04-18 22:20:48","0x297adbb802536bb79b5d7d580b25074d4e40de33","0x1c2e8b4b6958316a5d9f11b22cb53aab132a2d36","","0","0","0","0.0013096","0","","","","0xa3274c9b",""
"0x478ea5a476efb76a0a3a378ba735aa8bc514e56b2ef603cea40c77a9c534a706","8852442","1681856460","2023-04-18 22:21:00","0x297adbb802536bb79b5d7d580b25074d4e40de33","0x1c2e8b4b6958316a5d9f11b22cb53aab132a2d36","","0","0","0","0.000731325","0","","","","0x8b206fab",""
"0xae97c9f943baae3e44c95e1d287a59cf3502e99b1924bf3b035ba13a27a989c5","8852443","1681856472","2023-04-18 22:21:12","0x297adbb802536bb79b5d7d580b25074d4e40de33","0x1c2e8b4b6958316a5d9f11b22cb53aab132a2d36","","0","0","0","0.000731625","0","","","","0x8b206fab",""
"0xcae466b0a931db49a4638bee479f47b82276f63968bc82b8ebc6b0137750ac90","8852444","1681856496","2023-04-18 22:21:36","0x297adbb802536bb79b5d7d580b25074d4e40de33","0x1c2e8b4b6958316a5d9f11b22cb53aab132a2d36","","0","0","0","0.000731625","0","","","","0x8b206fab",""
"0xbac50527669e25a2c99398615e1ab2b64589a2f08e1efd8c47ed345499b9b8a2","8852445","1681856532","2023-04-18 22:22:12","0x297adbb802536bb79b5d7d580b25074d4e40de33","0x1c2e8b4b6958316a5d9f11b22cb53aab132a2d36","","0","0","0","0.000731625","0","","","","0x8b206fab",""
"0x7f06685a0a36e05b8504b3c18e83545c0d1ee3069b671860038c7d5599047fb6","8852446","1681856544","2023-04-18 22:22:24","0x297adbb802536bb79b5d7d580b25074d4e40de33","0x1c2e8b4b6958316a5d9f11b22cb53aab132a2d36","","0","0","0","0.000731625","0","","","","0x8b206fab",""
"0x3eea94ca844cc55623e98b45e1981c697c04af3d6ecc398395f1fe983a26fcdf","8852447","1681856568","2023-04-18 22:22:48","0x297adbb802536bb79b5d7d580b25074d4e40de33","0x1c2e8b4b6958316a5d9f11b22cb53aab132a2d36","","0","0","0","0.000731625","0","","","","0x8b206fab",""
"0x2a29eccdec8acbb2b695b23acc8a11c1e21f245b025a690dea3f8e624538e100","8852448","1681856580","2023-04-18 22:23:00","0x297adbb802536bb79b5d7d580b25074d4e40de33","0x1c2e8b4b6958316a5d9f11b22cb53aab132a2d36","","0","0","0","0.000731625","0","","","","0x8b206fab",""
"0x6e6bbf3a00198e54417fcf45a9b405b7fcb28b6cb65fab8b6d8fee87abd0b56e","8852449","1681856592","2023-04-18 22:23:12","0x297adbb802536bb79b5d7d580b25074d4e40de33","0x1c2e8b4b6958316a5d9f11b22cb53aab132a2d36","","0","0","0","0.000731625","0","","","","0x8b206fab",""
"0x6d41b8878488f7eef16490ef22c8804b41f094594cf3c7e758bd7537b0f011ba","8852450","1681856628","2023-04-18 22:23:48","0x297adbb802536bb79b5d7d580b25074d4e40de33","0x1c2e8b4b6958316a5d9f11b22cb53aab132a2d36","","0","0","0","0.000731625","0","","","","0x8b206fab",""
"0x94be5424288a00960e4f3581511ace73df7eb4912265207abdfa44ce22bd010d","8852451","1681856664","2023-04-18 22:24:24","0x297adbb802536bb79b5d7d580b25074d4e40de33","0x1c2e8b4b6958316a5d9f11b22cb53aab132a2d36","","0","0","0","0.000731625","0","","","","0x8b206fab",""
"0x73e0e9d3cc55d9e304883bfbd1602910d722b6a68d557c8425ad455d656bd552","8852452","1681856676","2023-04-18 22:24:36","0x297adbb802536bb79b5d7d580b25074d4e40de33","0x1c2e8b4b6958316a5d9f11b22cb53aab132a2d36","","0","0","0","0.000731625","0","","","","0x8b206fab",""
"0x53ad47c50a55108fe63447160c1efc53ed0a28604a70d7d8dae0c449cf956c5f","8852453","1681856688","2023-04-18 22:24:48","0x297adbb802536bb79b5d7d580b25074d4e40de33","0x1c2e8b4b6958316a5d9f11b22cb53aab132a2d36","","0","0","0","0.000731625","0","","","","0x8b206fab",""
"0x0a0640dc7a2f486f45749885693dc08cbc59e1c18dd341c04494bd195e6875bb","8852454","1681856700","2023-04-18 22:25:00","0x297adbb802536bb79b5d7d580b25074d4e40de33","0x1c2e8b4b6958316a5d9f11b22cb53aab132a2d36","","0","0","0","0.000771725","0","","","","0x89f04552",""
"0xcffbafc3f75fe5f89408ae8a4ba579328e07e67008d12c1d84973adb426e492d","8852464","1681856844","2023-04-18 22:27:24","0x297adbb802536bb79b5d7d580b25074d4e40de33","","0x1a109de42127b1cdef2afaaf409642e2c0e97206","0","0","0","0.055875525","0","","","","0x60806040",""
"0xcb8be6cfc6bb0beeff925ef9c07c16c5030a594b387b473936b50483c3d4de9f","8852465","1681856856","2023-04-18 22:27:36","0x297adbb802536bb79b5d7d580b25074d4e40de33","0x1a109de42127b1cdef2afaaf409642e2c0e97206","","0","0","0","0.0017371","0","","","","0xa3274c9b",""
"0xc092ccaab70f6f72cb03abc638cba501f298e2f67a202e516f4586afa899ebae","8852465","1681856856","2023-04-18 22:27:36","0x297adbb802536bb79b5d7d580b25074d4e40de33","0x1a109de42127b1cdef2afaaf409642e2c0e97206","","0","0","0","0.0013096","0","","","","0xa3274c9b",""
"0x88ab1dc79f300d4b0fee2cb63367c4dcf9fbc9e85d96c6b48f92687f98030065","8852465","1681856856","2023-04-18 22:27:36","0x297adbb802536bb79b5d7d580b25074d4e40de33","0x1a109de42127b1cdef2afaaf409642e2c0e97206","","0","0","0","0.0017368","0","","","","0xa3274c9b",""
"0xf251a5ce3f2a252eeee8cee12be872779d809685284a7f6f8de91d83ed02a9c9","8852465","1681856856","2023-04-18 22:27:36","0x297adbb802536bb79b5d7d580b25074d4e40de33","0x1a109de42127b1cdef2afaaf409642e2c0e97206","","0","0","0","0.0013096","0","","","","0xa3274c9b",""
"0x96ff94664a6b2ad59c2f016fae456249ee2d6371be3600a629a73e590a5c0f39","8852465","1681856856","2023-04-18 22:27:36","0x297adbb802536bb79b5d7d580b25074d4e40de33","0x1a109de42127b1cdef2afaaf409642e2c0e97206","","0","0","0","0.0017371","0","","","","0xa3274c9b",""
"0x5f1fa3d7ff7af1b12a6a04946e0259c6fab2fa745825d09651b1a36163afbc7e","8852466","1681856892","2023-04-18 22:28:12","0x297adbb802536bb79b5d7d580b25074d4e40de33","0x1a109de42127b1cdef2afaaf409642e2c0e97206","","0","0","0","0.00067715","0","","Error(0)","execution reverted","0x8b206fab",""
"0x55e55e173922f64b1f763e62488b025b74a299d43b538718bfdfef81090f35be","8852466","1681856892","2023-04-18 22:28:12","0x297adbb802536bb79b5d7d580b25074d4e40de33","0x1a109de42127b1cdef2afaaf409642e2c0e97206","","0","0","0","0.00067715","0","","Error(0)","execution reverted","0x8b206fab",""
"0x9f40c08e77717c0354d3a83e40d91cab3511a4f42aabc7ff14dc29793853d3dd","8852466","1681856892","2023-04-18 22:28:12","0x297adbb802536bb79b5d7d580b25074d4e40de33","0x1a109de42127b1cdef2afaaf409642e2c0e97206","","0","0","0","0.00067715","0","","Error(0)","execution reverted","0x8b206fab",""
"0xa70b893f1433614f770e4b1c87431d8a79d919896a8902e13d774ea6f7afff2c","8852466","1681856892","2023-04-18 22:28:12","0x297adbb802536bb79b5d7d580b25074d4e40de33","0x1a109de42127b1cdef2afaaf409642e2c0e97206","","0","0","0","0.000731325","0","","","","0x8b206fab",""
"0x64a3629e4ec9f35d907b3b596418d3769f62c42df5d0ea8f5a6c029a3b0b9a82","8852466","1681856892","2023-04-18 22:28:12","0x297adbb802536bb79b5d7d580b25074d4e40de33","0x1a109de42127b1cdef2afaaf409642e2c0e97206","","0","0","0","0.00067715","0","","Error(0)","execution reverted","0x8b206fab",""
"0x8a751f8be6454754cdcf8aa726a1ef148eed2da33ea2c6f1cc678a7695e4feb5","8852467","1681856904","2023-04-18 22:28:24","0x297adbb802536bb79b5d7d580b25074d4e40de33","0x1a109de42127b1cdef2afaaf409642e2c0e97206","","0","0","0","0.000771725","0","","","","0x89f04552",""
"0xcfd6ce0c4c36dda0864a901adddf4b64d524a5569a01c3a7c595e727aaf7c041","8854833","1681895604","2023-04-19 09:13:24","0x297adbb802536bb79b5d7d580b25074d4e40de33","","0x892d5deb459d2e0f9a9e1526511c6840e005627d","0","0","0","0.055875525","0","","","","0x60806040",""
"0x0b37cce1a6c5c0e41bda3ad5473eabc17d94ff4164705e4ad6768896f26cc793","8854833","1681895604","2023-04-19 09:13:24","0x297adbb802536bb79b5d7d580b25074d4e40de33","","0x4ae9ba2b3df3b13ac25f50942f16c4d039719078","0","0","0","0.055875525","0","","","","0x60806040",""
"0x34b440731dae0231aae8cbde6b72fcb70694efa31995071f44b4644e17abe01d","8854833","1681895604","2023-04-19 09:13:24","0x297adbb802536bb79b5d7d580b25074d4e40de33","","0x7c17b282254816b26b4c4bc6c5079dc80bbbddca","0","0","0","0.064636525","0","","","","0x60806040",""
"0x264c8ed96b033ad245e680e9b2c3e432aa086f433808bd9de1b2d0cb77bd4b24","8872193","1682164104","2023-04-22 11:48:24","0x297adbb802536bb79b5d7d580b25074d4e40de33","","0xebfe2721d938ecdfbdfc690a70ebd2715163d7f0","0","0","0","0.055875525","0","","","","0x60806040",""
"0x5977333d235ed70ae06d35a0edd552e436a025838a3e892ca8d6cbaf6813892f","8872194","1682164116","2023-04-22 11:48:36","0x297adbb802536bb79b5d7d580b25074d4e40de33","0xebfe2721d938ecdfbdfc690a70ebd2715163d7f0","","0","0","0","0.000771725","0","","","","0x89f04552",""
"0x35d441d5e658c89c20e90639d0b954d5de3832dab087b5e7886d90a4a307fadf","8872243","1682164800","2023-04-22 12:00:00","0x297adbb802536bb79b5d7d580b25074d4e40de33","","0x304b3f8bbb994c7128bc2349ace0ade1a8c110c5","0","0","0","0.055875525","0","","","","0x60806040",""
"0x619d98f4c8656394bd47736fc931de5e7dc4971f9918f2040cb733f01a3868f1","8872244","1682164812","2023-04-22 12:00:12","0x297adbb802536bb79b5d7d580b25074d4e40de33","0x304b3f8bbb994c7128bc2349ace0ade1a8c110c5","","0","0","0","0.0017371","0","","","","0xa3274c9b",""
"0x20dafef640cdbfbe27112101e58997854b1da6d1f4bb0ea902f448876f46c518","8872244","1682164812","2023-04-22 12:00:12","0x297adbb802536bb79b5d7d580b25074d4e40de33","0x304b3f8bbb994c7128bc2349ace0ade1a8c110c5","","0","0","0","0.0017371","0","","","","0xa3274c9b",""
"0xe47a28223bbc0cd9ecb3f43ad1699489372a86cf0d75228143672ad8586b8aee","8872244","1682164812","2023-04-22 12:00:12","0x297adbb802536bb79b5d7d580b25074d4e40de33","0x304b3f8bbb994c7128bc2349ace0ade1a8c110c5","","0","0","0","0.0013096","0","","","","0xa3274c9b",""
"0xb19ee428df955e0da32adc97e940331cd47ac3b09f8ead166b24136e86762d9b","8872244","1682164812","2023-04-22 12:00:12","0x297adbb802536bb79b5d7d580b25074d4e40de33","0x304b3f8bbb994c7128bc2349ace0ade1a8c110c5","","0","0","0","0.0013096","0","","","","0xa3274c9b",""
