"Txhash","Blockno","UnixTimestamp","DateTime","From","To","ContractAddress","Value_IN(ETH)","Value_OUT(ETH)","CurrentValue @ $0/Eth","TxnFee(ETH)","TxnFee(USD)","Historical $Price/ETH","Status","ErrCode","Method"
"0x60fefc9d415057be9422701b7b470afef223402020fdbcb9f642f5399294debf","15493944","1680899442","2023-04-07 20:30:42","0x007ab5199b6c57f7aa51bc3d0604a43505501a0c","0x297adbb802536bb79b5d7d580b25074d4e40de33","","0.001","0","1.85318","0.0022795008","4.224325292544","1864.80","","","Transfer",""
"0xf23eebdf12cff06e725a3ae7dddb0676ce26b753dfc4b36f1c561ac6d43192f4","16761389","1681727084","2023-04-17 10:24:44","0x297adbb802536bb79b5d7d580b25074d4e40de33","","0x15bf585b6d04f718574becc5954623be50f2a386","0","0","0","0.019765228","36.62852522504","2075.87","","","0x60806040",""
"0x8bad7bbde2fe3f330d07be36c02a22e61962ac79f5f8ada574c616f7d9944fd3","16761529","1681727195","2023-04-17 10:26:35","0x297adbb802536bb79b5d7d580b25074d4e40de33","","0x49a5db68394480835babf7e6f8ce4fe49755c01e","0","0","0","0.019525733","36.18469788094","2075.87","","","0x60806040",""
"0xea3c91f05d30e89eb24bdcabd735f0422eb97295c7055e5dee26bc332cfca452","16761534","1681727198","2023-04-17 10:26:38","0x297adbb802536bb79b5d7d580b25074d4e40de33","0x49a5db68394480835babf7e6f8ce4fe49755c01e","","0","0","0","0.000901273","1.67022109814","2075.87","","","0xa3274c9b",""
"0x947dc3f9dc9461b6696856cb6dd6f6966ef5e6e68cd0a6f1328e1f554a54aff1","16761537","1681727200","2023-04-17 10:26:40","0x297adbb802536bb79b5d7d580b25074d4e40de33","0x49a5db68394480835babf7e6f8ce4fe49755c01e","","0","0","0","0.000901285","1.6702433363","2075.87","","","0xa3274c9b",""
"0x1deb3dd9c00b4d5df888eff6d7a73703ed7811be05129a219de908191ef68cd3","16761540","1681727202","2023-04-17 10:26:42","0x297adbb802536bb79b5d7d580b25074d4e40de33","0x49a5db68394480835babf7e6f8ce4fe49755c01e","","0","0","0","0.000901285","1.6702433363","2075.87","","","0xa3274c9b",""
"0xb5be24f2ec6844e85782549366a19ec64fe359729e73f01e7785bcbf8de4c759","16761542","1681727204","2023-04-17 10:26:44","0x297adbb802536bb79b5d7d580b25074d4e40de33","0x49a5db68394480835babf7e6f8ce4fe49755c01e","","0","0","0","0.000884185","1.6385539583","2075.87","","","0xa3274c9b",""
"0xc25e4ddc220065f7672c54bafb8c0f2c3e67c97b110e4bfc007314b62ab2adb3","16761546","1681727206","2023-04-17 10:26:46","0x297adbb802536bb79b5d7d580b25074d4e40de33","0x49a5db68394480835babf7e6f8ce4fe49755c01e","","0","0","0","0.000884185","1.6385539583","2075.87","","","0xa3274c9b",""
"0xa61d9df49e2d36caa32676626f56dee30d8002fca29d20be1bca517daf1fa744","16761550","1681727208","2023-04-17 10:26:48","0x297adbb802536bb79b5d7d580b25074d4e40de33","0x49a5db68394480835babf7e6f8ce4fe49755c01e","","0","0","0","0.000884185","1.6385539583","2075.87","","","0xa3274c9b",""
"0x131fc8fbf2e3616488ad9fd99e37051b6942bf38aa22b42a6096031c6e86f3ca","16761552","1681727210","2023-04-17 10:26:50","0x297adbb802536bb79b5d7d580b25074d4e40de33","0x49a5db68394480835babf7e6f8ce4fe49755c01e","","0","0","0","0.000884185","1.6385539583","2075.87","","","0xa3274c9b",""
"0xf76551f3806e7c2faedfcbe12831a5c11b5fe440276f36519756b6b40dacd369","16761554","1681727212","2023-04-17 10:26:52","0x297adbb802536bb79b5d7d580b25074d4e40de33","0x49a5db68394480835babf7e6f8ce4fe49755c01e","","0","0","0","0.000884185","1.6385539583","2075.87","","","0xa3274c9b",""
"0xb6d41606e8152d16f77c94dc3edd3612f806fd37189a8a4ca02240ece6289d27","16764565","1681729406","2023-04-17 11:03:26","0x297adbb802536bb79b5d7d580b25074d4e40de33","","0x63401232c68d668bd7a548db9d21148f9f44f978","0","0","0","0.008177409","15.15421081062","2075.87","","","0x60806040",""
"0x831f971e17109ec83bc47c468d21440925d8f8a10342890ce88304ac7d557da1","16764572","1681729410","2023-04-17 11:03:30","0x297adbb802536bb79b5d7d580b25074d4e40de33","0x63401232c68d668bd7a548db9d21148f9f44f978","","0","0","0","0.000355434","0.65868318012","2075.87","","","0xa3274c9b",""
"0xca30ee841191c504f40f91d0bb7bd83e059cf5370f84163ce13a18f92585746d","16764577","1681729413","2023-04-17 11:03:33","0x297adbb802536bb79b5d7d580b25074d4e40de33","0x63401232c68d668bd7a548db9d21148f9f44f978","","0","0","0","0.000355446","0.65870541828","2075.87","","","0xa3274c9b",""
"0xf04fbb6f5840e023440f90d36d4116abc5254d4afa408b0900f8b5dc395f0c79","16764583","1681729416","2023-04-17 11:03:36","0x297adbb802536bb79b5d7d580b25074d4e40de33","0x63401232c68d668bd7a548db9d21148f9f44f978","","0","0","0","0.000355446","0.65870541828","2075.87","","","0xa3274c9b",""
"0x711c0209567410025613feb0e930a71f059f8618f66ce36aed9d15112a3d2eef","16764589","1681729419","2023-04-17 11:03:39","0x297adbb802536bb79b5d7d580b25074d4e40de33","0x63401232c68d668bd7a548db9d21148f9f44f978","","0","0","0","0.000338346","0.62701604028","2075.87","","","0xa3274c9b",""
"0x1662ea2b2a034fa9bb967b315ac125fcadc17f0dc9bb6bb38a3cb71eb23daaf1","16764591","1681729420","2023-04-17 11:03:40","0x297adbb802536bb79b5d7d580b25074d4e40de33","0x63401232c68d668bd7a548db9d21148f9f44f978","","0","0","0","0.000338346","0.62701604028","2075.87","","","0xa3274c9b",""
"0x14a5033fcac112f119b726225c958329f3a83c0c58a69da3d4358ad8b8199aca","16764592","1681729421","2023-04-17 11:03:41","0x297adbb802536bb79b5d7d580b25074d4e40de33","0x63401232c68d668bd7a548db9d21148f9f44f978","","0","0","0","0.000338346","0.62701604028","2075.87","","","0xa3274c9b",""
"0x349884ef50df7cfa93d1206a9b026eb5ff2b51c6d6cb467cf23481714cbba7a6","16764597","1681729423","2023-04-17 11:03:43","0x297adbb802536bb79b5d7d580b25074d4e40de33","0x63401232c68d668bd7a548db9d21148f9f44f978","","0","0","0","0.000338346","0.62701604028","2075.87","","","0xa3274c9b",""
"0x5d6a7a1067d5beaea9e1bec8b0f172ec414cf1ca0ed84e576a2cd3b8d115557b","16764600","1681729424","2023-04-17 11:03:44","0x297adbb802536bb79b5d7d580b25074d4e40de33","0x63401232c68d668bd7a548db9d21148f9f44f978","","0","0","0","0.000338346","0.62701604028","2075.87","","","0xa3274c9b",""
"0xa126312c63912b8593c33a187e7710d9659e1774896299e3ed190ac0ce976162","16764602","1681729427","2023-04-17 11:03:47","0x297adbb802536bb79b5d7d580b25074d4e40de33","0x63401232c68d668bd7a548db9d21148f9f44f978","","0","0","0","0.000338346","0.62701604028","2075.87","","","0xa3274c9b",""
"0x44350e156bdd3c66c3b48c1e6426ee52f6a437e3fc25ce48bc1ce7b43ed9e039","16879274","1681808160","2023-04-18 08:56:00","0x297adbb802536bb79b5d7d580b25074d4e40de33","","0xd480cf3d2b5304d1294ad7475c5331ba6efd5113","0","0","0","0.007341703","13.60549716554","2104.28","","","0x60806040",""
"0x81b7cb09efc1c194f3749562dd439410b5a2a058f2f7e77c35ada6a5b95473fa","16879279","1681808163","2023-04-18 08:56:03","0x297adbb802536bb79b5d7d580b25074d4e40de33","0xd480cf3d2b5304d1294ad7475c5331ba6efd5113","","0","0","0","0.000315168","0.58406303424","2104.28","","","0xa3274c9b",""
"0xdab4252cd663ff944942fea811ea8ec4e204847cc88e2a5a5c8441a406b19646","16879282","1681808164","2023-04-18 08:56:04","0x297adbb802536bb79b5d7d580b25074d4e40de33","0xd480cf3d2b5304d1294ad7475c5331ba6efd5113","","0","0","0","0.000315156","0.58404079608","2104.28","","","0xa3274c9b",""
"0x4bf174c1b357ed6794a824bdf107d09c37fa509faf37694dca4ddf284ced2144","16879283","1681808164","2023-04-18 08:56:04","0x297adbb802536bb79b5d7d580b25074d4e40de33","0xd480cf3d2b5304d1294ad7475c5331ba6efd5113","","0","0","0","0.000298068","0.55237365624","2104.28","","","0xa3274c9b",""
"0xbf2f7f5b2d3f42cecd72bd60a38493b888a5306db9775236dcd14136b7bb5abb","16879284","1681808164","2023-04-18 08:56:04","0x297adbb802536bb79b5d7d580b25074d4e40de33","0xd480cf3d2b5304d1294ad7475c5331ba6efd5113","","0","0","0","0.000298068","0.55237365624","2104.28","","","0xa3274c9b",""
"0x384b2046899942098a1846555c23f934ccf49065b612aa83e4e41148e3f9f0ad","16879285","1681808164","2023-04-18 08:56:04","0x297adbb802536bb79b5d7d580b25074d4e40de33","0xd480cf3d2b5304d1294ad7475c5331ba6efd5113","","0","0","0","0.000298068","0.55237365624","2104.28","","","0xa3274c9b",""
"0x54afa5a6d933d7566a7d59943c419bef0ba7bf84c5dd80d83550abb584fbb955","16879703","1681808410","2023-04-18 09:00:10","0x297adbb802536bb79b5d7d580b25074d4e40de33","","0x851e1b969c03f528927e91b1db406a0960a1dd20","0","0","0","0.01711658","31.7201037244","2104.28","","","0x60806040",""
"0x48494057893c8a765500131495adcbab932bc0183d37ff43c08f46d469132ecc","16879707","1681808413","2023-04-18 09:00:13","0x297adbb802536bb79b5d7d580b25074d4e40de33","0x851e1b969c03f528927e91b1db406a0960a1dd20","","0","0","0","0.000768292","1.42378336856","2104.28","","","0xa3274c9b",""
"0xc2a8df6f26aa333566e49a510b5f9cceab97510b442b8d8a5bccf2d91bda9995","16879709","1681808414","2023-04-18 09:00:14","0x297adbb802536bb79b5d7d580b25074d4e40de33","0x851e1b969c03f528927e91b1db406a0960a1dd20","","0","0","0","0.000785392","1.45547274656","2104.28","","","0xa3274c9b",""
"0x20a96aa7e4b0748fd538b945e27621900deb8498da9a3a1cd110b2b50e9b9fdb","16879711","1681808414","2023-04-18 09:00:14","0x297adbb802536bb79b5d7d580b25074d4e40de33","0x851e1b969c03f528927e91b1db406a0960a1dd20","","0","0","0","0.000768292","1.42378336856","2104.28","","","0xa3274c9b",""
"0x38c4c2ebd2ec09b42b9fa812d1d6724ef2efca4c728a7b36db20db821f23143a","16879922","1681808557","2023-04-18 09:02:37","0x297adbb802536bb79b5d7d580b25074d4e40de33","","0x106cb8eccdf73330aeb6162ce7a1af066151f3f9","0","0","0","0.017108581","31.70528013758","2104.28","","","0x60806040",""
"0xe918e0dcd705be282303405930d93317b5400b68087294e95f9cb06a4352ab40","16879926","1681808558","2023-04-18 09:02:38","0x297adbb802536bb79b5d7d580b25074d4e40de33","0x106cb8eccdf73330aeb6162ce7a1af066151f3f9","","0","0","0","0.000768292","1.42378336856","2104.28","","","0xa3274c9b",""
"0x376d27fccfce30292aef152727c6f780d9608a87e865d8c2a8e3953e44e3c215","16879928","1681808559","2023-04-18 09:02:39","0x297adbb802536bb79b5d7d580b25074d4e40de33","0x106cb8eccdf73330aeb6162ce7a1af066151f3f9","","0","0","0","0.00078538","1.4554505084","2104.28","","","0xa3274c9b",""
"0x1f3da5803cd8d9f8876c376738a032050f3575dba96466055f43f4387822cba3","16879929","1681808560","2023-04-18 09:02:40","0x297adbb802536bb79b5d7d580b25074d4e40de33","0x106cb8eccdf73330aeb6162ce7a1af066151f3f9","","0","0","0","0.000768292","1.42378336856","2104.28","","","0xa3274c9b",""
"0x44050af2aca488d371d53578144963d65f19e977afc1335a4a3e697901100b79","16879933","1681808560","2023-04-18 09:02:40","0x297adbb802536bb79b5d7d580b25074d4e40de33","0x106cb8eccdf73330aeb6162ce7a1af066151f3f9","","0","0","0","0.000768292","1.42378336856","2104.28","","","0xa3274c9b",""
"0x3a935a882baf6919fcde3438018295aaa42f88412177b66a07d58802fa482288","16879934","1681808561","2023-04-18 09:02:41","0x297adbb802536bb79b5d7d580b25074d4e40de33","0x106cb8eccdf73330aeb6162ce7a1af066151f3f9","","0","0","0","0.000768292","1.42378336856","2104.28","","","0xa3274c9b",""
"0xfa7fd31834494d01a22bca3d203992e4fce84a3417efb87e2bc9a6df8492d858","16879936","1681808561","2023-04-18 09:02:41","0x297adbb802536bb79b5d7d580b25074d4e40de33","0x106cb8eccdf73330aeb6162ce7a1af066151f3f9","","0","0","0","0.000768292","1.42378336856","2104.28","","","0xa3274c9b",""
"0xf72264c879dfc405a9a9265e5606404805caad957873a9b609b6a6080a700625","16879937","1681808562","2023-04-18 09:02:42","0x297adbb802536bb79b5d7d580b25074d4e40de33","0x106cb8eccdf73330aeb6162ce7a1af066151f3f9","","0","0","0","0.000768292","1.42378336856","2104.28","","","0xa3274c9b",""
"0x72c689c95e2be3ca9508944916f41d5cca5df983d1db0e4591bb4d0f8d42d8d1","16879939","1681808562","2023-04-18 09:02:42","0x297adbb802536bb79b5d7d580b25074d4e40de33","0x106cb8eccdf73330aeb6162ce7a1af066151f3f9","","0","0","0","0.000768292","1.42378336856","2104.28","","","0xa3274c9b",""
"0x1b1983a5ddd690cce604f3902fc23c35500ef2956c7bc13359208f02aadf2e6b","16879940","1681808563","2023-04-18 09:02:43","0x297adbb802536bb79b5d7d580b25074d4e40de33","0x106cb8eccdf73330aeb6162ce7a1af066151f3f9","","0","0","0","0.000768292","1.42378336856","2104.28","","","0xa3274c9b",""
"0x794d5f7e8f478c67ce0272c414ff8ec66966a3cefb95a140a6d4a0bad906a4d5","16880069","1681808656","2023-04-18 09:04:16","0x297adbb802536bb79b5d7d580b25074d4e40de33","","0x24547fd6c4435ad1b73b6f915e05ad28cbee9172","0","0","0","0.017108581","31.70528013758","2104.28","","","0x60806040",""
"0x1ba01c0955de0233f9c98faef72a8273e562d80ded8997f6b57f8b27ab043f0a","16880072","1681808658","2023-04-18 09:04:18","0x297adbb802536bb79b5d7d580b25074d4e40de33","0x24547fd6c4435ad1b73b6f915e05ad28cbee9172","","0","0","0","0.000785392","1.45547274656","2104.28","","","0xa3274c9b",""
"0x24d82e8e04c9f82ff3797b82d638929108897b208e6c33bf405f606cfe8fc312","16880073","1681808658","2023-04-18 09:04:18","0x297adbb802536bb79b5d7d580b25074d4e40de33","0x24547fd6c4435ad1b73b6f915e05ad28cbee9172","","0","0","0","0.000785392","1.45547274656","2104.28","","","0xa3274c9b",""
"0xc1846036fdcac4028fb5e152570273cc2607501c87ffc5a2dd8633e2a6f02251","16880075","1681808659","2023-04-18 09:04:19","0x297adbb802536bb79b5d7d580b25074d4e40de33","0x24547fd6c4435ad1b73b6f915e05ad28cbee9172","","0","0","0","0.000768292","1.42378336856","2104.28","","","0xa3274c9b",""
"0xe6dd2035e0764a8acb89cb0aa42b9f570ad7bf413d27908a8e708eccaf0e8a16","16880076","1681808660","2023-04-18 09:04:20","0x297adbb802536bb79b5d7d580b25074d4e40de33","0x24547fd6c4435ad1b73b6f915e05ad28cbee9172","","0","0","0","0.000768292","1.42378336856","2104.28","","","0xa3274c9b",""
"0x2d363a0295d6e201c5bebb972d348d1567f8841c0021002c2420f3f9fad85eb3","16880078","1681808661","2023-04-18 09:04:21","0x297adbb802536bb79b5d7d580b25074d4e40de33","0x24547fd6c4435ad1b73b6f915e05ad28cbee9172","","0","0","0","0.000768292","1.42378336856","2104.28","","","0xa3274c9b",""
"0xe0a54f9bb4f06354e247e663b0f6e4a84a115a60a0001090a1a9d749132d5c5c","16880080","1681808661","2023-04-18 09:04:21","0x297adbb802536bb79b5d7d580b25074d4e40de33","0x24547fd6c4435ad1b73b6f915e05ad28cbee9172","","0","0","0","0.000768292","1.42378336856","2104.28","","","0xa3274c9b",""
"0xe1f697a6cbf5e102eac8a91e44879f67bc356458807cd7ffc29516a0a267eb54","16880273","1681808804","2023-04-18 09:06:44","0x297adbb802536bb79b5d7d580b25074d4e40de33","","0x892d5deb459d2e0f9a9e1526511c6840e005627d","0","0","0","0.01712058","31.7275164444","2104.28","","","0x60806040",""
"0x09673d651d9ccc78f38d704bfdf609ac75e035977403c2a3836c5e10208f10e0","16880279","1681808807","2023-04-18 09:06:47","0x297adbb802536bb79b5d7d580b25074d4e40de33","0x892d5deb459d2e0f9a9e1526511c6840e005627d","","0","0","0","0.00078538","1.4554505084","2104.28","","","0xa3274c9b",""
"0x224e1df74300203abc3f20e101bc0f57e1ed7245df896f4b660d999e9c628498","16880280","1681808807","2023-04-18 09:06:47","0x297adbb802536bb79b5d7d580b25074d4e40de33","0x892d5deb459d2e0f9a9e1526511c6840e005627d","","0","0","0","0.000785392","1.45547274656","2104.28","","","0xa3274c9b",""
"0x146d85d5806d5afc8e7ab1e0508143cbf66b9166bae53cb65c9c8202a72063ce","16880282","1681808808","2023-04-18 09:06:48","0x297adbb802536bb79b5d7d580b25074d4e40de33","0x892d5deb459d2e0f9a9e1526511c6840e005627d","","0","0","0","0.000768292","1.42378336856","2104.28","","","0xa3274c9b",""
"0xd74b3c806c87669a8d75af2edc9d98eb982b3157849446cba871d5ad90e41be1","16880283","1681808808","2023-04-18 09:06:48","0x297adbb802536bb79b5d7d580b25074d4e40de33","0x892d5deb459d2e0f9a9e1526511c6840e005627d","","0","0","0","0.000768292","1.42378336856","2104.28","","","0xa3274c9b",""
"0xb4ec4e1bc5f6c7897e8399ce34de83588f8203249fb332b71984304bb150e117","16880285","1681808809","2023-04-18 09:06:49","0x297adbb802536bb79b5d7d580b25074d4e40de33","0x892d5deb459d2e0f9a9e1526511c6840e005627d","","0","0","0","0.000768292","1.42378336856","2104.28","","","0xa3274c9b",""
"0x31f16374d4ab008d9e6daf7ebf46b2b77cc93252f0cf9f4e6588040b63c55358","16880286","1681808809","2023-04-18 09:06:49","0x297adbb802536bb79b5d7d580b25074d4e40de33","0x892d5deb459d2e0f9a9e1526511c6840e005627d","","0","0","0","0.000768292","1.42378336856","2104.28","","","0xa3274c9b",""
"0xb8be36313f7d322cd64f6cc458852bc4dd1d2221468ef7b6550163bbb91414ba","16880287","1681808809","2023-04-18 09:06:49","0x297adbb802536bb79b5d7d580b25074d4e40de33","0x892d5deb459d2e0f9a9e1526511c6840e005627d","","0","0","0","0.000768292","1.42378336856","2104.28","","","0xa3274c9b",""
"0xc7eca78d2ee28e7254c35efebfe1fffdbb945dd4c1602bbdf74f2b54c0177367","16880290","1681808810","2023-04-18 09:06:50","0x297adbb802536bb79b5d7d580b25074d4e40de33","0x892d5deb459d2e0f9a9e1526511c6840e005627d","","0","0","0","0.000768292","1.42378336856","2104.28","","","0xa3274c9b",""
"0x605ae5bbc14a81d65bfa81475f306a71a94a3f8b9931eb15ace4ec0132cee562","16880291","1681808810","2023-04-18 09:06:50","0x297adbb802536bb79b5d7d580b25074d4e40de33","0x892d5deb459d2e0f9a9e1526511c6840e005627d","","0","0","0","0.000785392","1.45547274656","2104.28","","","0xa3274c9b",""
"0x34155fa38d12b6f957f9f0efcb27e04fb6c40a37c33533bab77071d32d87a772","16880292","1681808811","2023-04-18 09:06:51","0x297adbb802536bb79b5d7d580b25074d4e40de33","0x892d5deb459d2e0f9a9e1526511c6840e005627d","","0","0","0","0.000768292","1.42378336856","2104.28","","","0xa3274c9b",""
"0x9014663b51276e87df1f47b401e1be2514c4505b557f984da47f9d7d7a52c281","16880293","1681808811","2023-04-18 09:06:51","0x297adbb802536bb79b5d7d580b25074d4e40de33","0x892d5deb459d2e0f9a9e1526511c6840e005627d","","0","0","0","0.000768292","1.42378336856","2104.28","","","0xa3274c9b",""
"0x41a060d9aeb99107c03483ea4036b3de60f6e75ef3555c01c8dcec9f8aaa8b82","16880298","1681808813","2023-04-18 09:06:53","0x297adbb802536bb79b5d7d580b25074d4e40de33","0x892d5deb459d2e0f9a9e1526511c6840e005627d","","0","0","0","0.000745173","1.38093970014","2104.28","","","0x8b206fab",""
"0x2302da6c206a572fd080e483488ab555e5cfd994efd85f18b3974db08efb6b0c","16880299","1681808813","2023-04-18 09:06:53","0x297adbb802536bb79b5d7d580b25074d4e40de33","0x892d5deb459d2e0f9a9e1526511c6840e005627d","","0","0","0","0.000742955","1.3768293469","2104.28","Error(0)","execution reverted","0xa3274c9b",""
"0x7801855982612bd1071a379b9f0c1af00b3eea39fca828a6742cf5d924e1d14a","16880301","1681808813","2023-04-18 09:06:53","0x297adbb802536bb79b5d7d580b25074d4e40de33","0x892d5deb459d2e0f9a9e1526511c6840e005627d","","0","0","0","0.000742967","1.37685158506","2104.28","Error(0)","execution reverted","0xa3274c9b",""
"0xba153d08dcfe0c31c233cc890e50b6235bccf6b32cf65446484610d25c9201e6","16948419","1681854089","2023-04-18 21:41:29","0x297adbb802536bb79b5d7d580b25074d4e40de33","","0xbd1b637aca4770013b090ab9a01ca9dbb0dd0f6e","0","0","0","0.002234493","4.14091773774","2104.28","","","0x60806040",""
"0x8b38451f53fc4fc2e530797fcd336826012b19cbb5161fa0a4a1086f5883a6da","16948423","1681854091","2023-04-18 21:41:31","0x297adbb802536bb79b5d7d580b25074d4e40de33","0xbd1b637aca4770013b090ab9a01ca9dbb0dd0f6e","","0","0","0","0.000069472","0.12874412096","2104.28","","","0xa3274c9b",""
"0x59532e68c65f2fbbd8ebe06979c94ea95352b9a5111c413b2d6c2c6109662837","16948428","1681854093","2023-04-18 21:41:33","0x297adbb802536bb79b5d7d580b25074d4e40de33","0xbd1b637aca4770013b090ab9a01ca9dbb0dd0f6e","","0","0","0","0.000069484","0.12876635912","2104.28","","","0xa3274c9b",""
"0x024f325c51a35f15b9f3fd3e1651d6885664c535f09c4872783e25b2b779f165","16948433","1681854096","2023-04-18 21:41:36","0x297adbb802536bb79b5d7d580b25074d4e40de33","0xbd1b637aca4770013b090ab9a01ca9dbb0dd0f6e","","0","0","0","0.000069484","0.12876635912","2104.28","","","0xa3274c9b",""
"0xb5d19fa0a77b436533a21a03f634ccea6ba82026b75be842ca8d303cb69af852","16948437","1681854098","2023-04-18 21:41:38","0x297adbb802536bb79b5d7d580b25074d4e40de33","0xbd1b637aca4770013b090ab9a01ca9dbb0dd0f6e","","0","0","0","0.000052384","0.09707698112","2104.28","","","0xa3274c9b",""
"0x84f1d84f941c4ae674a1f3c2afed7616e6bce4095f97e5b7afcf5fdbdf01d97e","16948442","1681854100","2023-04-18 21:41:40","0x297adbb802536bb79b5d7d580b25074d4e40de33","0xbd1b637aca4770013b090ab9a01ca9dbb0dd0f6e","","0","0","0","0.000052384","0.09707698112","2104.28","","","0xa3274c9b",""
"0x762098f31d2693089a7de10f9e042fb75b5c8c489f3fcdc9487e7d93255fcd72","16948446","1681854102","2023-04-18 21:41:42","0x297adbb802536bb79b5d7d580b25074d4e40de33","0xbd1b637aca4770013b090ab9a01ca9dbb0dd0f6e","","0","0","0","0.000052384","0.09707698112","2104.28","","","0xa3274c9b",""
"0x94f84cc9804055c06f5ae19f77772148c64398c64cea91b6d5ec7f24849b9fd5","16948449","1681854105","2023-04-18 21:41:45","0x297adbb802536bb79b5d7d580b25074d4e40de33","0xbd1b637aca4770013b090ab9a01ca9dbb0dd0f6e","","0","0","0","0.000052384","0.09707698112","2104.28","","","0xa3274c9b",""
"0xd83b2b327263f591087adac59ca12413d35f9360ddca9b99b479b1a13dc75509","16948453","1681854107","2023-04-18 21:41:47","0x297adbb802536bb79b5d7d580b25074d4e40de33","0xbd1b637aca4770013b090ab9a01ca9dbb0dd0f6e","","0","0","0","0.000052384","0.09707698112","2104.28","","","0xa3274c9b",""
"0x71105fa0332a79d71bf1527e08d84f93cc488d7ed30e83162cdb5e049829bd7f","16948460","1681854109","2023-04-18 21:41:49","0x297adbb802536bb79b5d7d580b25074d4e40de33","0xbd1b637aca4770013b090ab9a01ca9dbb0dd0f6e","","0","0","0","0.000052384","0.09707698112","2104.28","","","0xa3274c9b",""
"0x8f3642d6a8087af3481fc3d8dee64a6b151f4538f49a598153e99416d3eb5e6b","16948464","1681854111","2023-04-18 21:41:51","0x297adbb802536bb79b5d7d580b25074d4e40de33","0xbd1b637aca4770013b090ab9a01ca9dbb0dd0f6e","","0","0","0","0.000052384","0.09707698112","2104.28","","","0xa3274c9b",""
"0x65669a2b25238b4cd7fb7c9f60dab89f07462a55ec5cb0ae9230ff915bf12171","16948468","1681854113","2023-04-18 21:41:53","0x297adbb802536bb79b5d7d580b25074d4e40de33","0xbd1b637aca4770013b090ab9a01ca9dbb0dd0f6e","","0","0","0","0.000052384","0.09707698112","2104.28","","","0xa3274c9b",""
"0xe7ee81e817e652d9b904e24f9f164f92803981c6fb32bca961bf28f2e8772ea0","16948472","1681854115","2023-04-18 21:41:55","0x297adbb802536bb79b5d7d580b25074d4e40de33","0xbd1b637aca4770013b090ab9a01ca9dbb0dd0f6e","","0","0","0","0.000052384","0.09707698112","2104.28","","","0xa3274c9b",""
"0xa8674e67439a6046b0487bbdace00f735d24bc57fdaaf8125715e965130bb25d","16948475","1681854118","2023-04-18 21:41:58","0x297adbb802536bb79b5d7d580b25074d4e40de33","0xbd1b637aca4770013b090ab9a01ca9dbb0dd0f6e","","0","0","0","0.000029253","0.05421107454","2104.28","","","0x8b206fab",""
"0x5f56dd126cdb568148a795d6f316a30363906387ad85c7d0489b336af0b34c2b","16948478","1681854120","2023-04-18 21:42:00","0x297adbb802536bb79b5d7d580b25074d4e40de33","0xbd1b637aca4770013b090ab9a01ca9dbb0dd0f6e","","0","0","0","0.000029265","0.0542333127","2104.28","","","0x8b206fab",""
"0x0a86136f3623ff61d0a2b57b757f8823e5c6997d5bdda48e6d6f762026c8200a","16948482","1681854122","2023-04-18 21:42:02","0x297adbb802536bb79b5d7d580b25074d4e40de33","0xbd1b637aca4770013b090ab9a01ca9dbb0dd0f6e","","0","0","0","0.000029265","0.0542333127","2104.28","","","0x8b206fab",""
"0x456b5d848fec7314dd9176ea75a8b5773758aced4c56857ab300bb3d9e957787","16948485","1681854124","2023-04-18 21:42:04","0x297adbb802536bb79b5d7d580b25074d4e40de33","0xbd1b637aca4770013b090ab9a01ca9dbb0dd0f6e","","0","0","0","0.000029265","0.0542333127","2104.28","","","0x8b206fab",""
"0x969849f8054fda94946b5a3688e6a8bfd013e5df2e862c0b5674efe74ff07a30","16948490","1681854127","2023-04-18 21:42:07","0x297adbb802536bb79b5d7d580b25074d4e40de33","0xbd1b637aca4770013b090ab9a01ca9dbb0dd0f6e","","0","0","0","0.000029265","0.0542333127","2104.28","","","0x8b206fab",""
"0x684f799b827efc2a9a3047788d049ea813750f5be1584f13816f79bfbb7ea761","16948494","1681854129","2023-04-18 21:42:09","0x297adbb802536bb79b5d7d580b25074d4e40de33","0xbd1b637aca4770013b090ab9a01ca9dbb0dd0f6e","","0","0","0","0.000029265","0.0542333127","2104.28","","","0x8b206fab",""
"0xe324c0ce676cb358bd0240e6ca46e1b5b78a1f425dc0673235479e69bbd5178e","16948499","1681854131","2023-04-18 21:42:11","0x297adbb802536bb79b5d7d580b25074d4e40de33","0xbd1b637aca4770013b090ab9a01ca9dbb0dd0f6e","","0","0","0","0.000029265","0.0542333127","2104.28","","","0x8b206fab",""
"0xe85f17add1a910d310d9b7e9129c5b8cb2e32e4612dfcce60089d7a66ad24dd9","16948505","1681854133","2023-04-18 21:42:13","0x297adbb802536bb79b5d7d580b25074d4e40de33","0xbd1b637aca4770013b090ab9a01ca9dbb0dd0f6e","","0","0","0","0.000029265","0.0542333127","2104.28","","","0x8b206fab",""
"0x4053c353f5a18130f2fbf662d964f78ac41b4dc6ca2b3c21e7feeb455235af4b","16948509","1681854136","2023-04-18 21:42:16","0x297adbb802536bb79b5d7d580b25074d4e40de33","0xbd1b637aca4770013b090ab9a01ca9dbb0dd0f6e","","0","0","0","0.000029265","0.0542333127","2104.28","","","0x8b206fab",""
"0xa5d9473e45bc895c2680bc1c1cfa8170fa3c684c03e94a35f3753f055927fad2","16948511","1681854138","2023-04-18 21:42:18","0x297adbb802536bb79b5d7d580b25074d4e40de33","0xbd1b637aca4770013b090ab9a01ca9dbb0dd0f6e","","0","0","0","0.000029265","0.0542333127","2104.28","","","0x8b206fab",""
"0x909016954abe2b3436dc355926e0710b3d7cc33c6ba2a8708b14b5504423fa97","16948517","1681854140","2023-04-18 21:42:20","0x297adbb802536bb79b5d7d580b25074d4e40de33","0xbd1b637aca4770013b090ab9a01ca9dbb0dd0f6e","","0","0","0","0.000029265","0.0542333127","2104.28","","","0x8b206fab",""
"0xa661981ff2856c69452df6dd3c16780dc612a78c1149b21adec72f23bacefe7b","16948520","1681854142","2023-04-18 21:42:22","0x297adbb802536bb79b5d7d580b25074d4e40de33","0xbd1b637aca4770013b090ab9a01ca9dbb0dd0f6e","","0","0","0","0.000029265","0.0542333127","2104.28","","","0x8b206fab",""
"0x6633a3c82004ff47f0722e30c62b680374d67ebf533122d74aaaaf7ac8e88303","16948526","1681854145","2023-04-18 21:42:25","0x297adbb802536bb79b5d7d580b25074d4e40de33","0xbd1b637aca4770013b090ab9a01ca9dbb0dd0f6e","","0","0","0","0.000030869","0.05720581342","2104.28","","","0x89f04552",""
"0xc4531e53e5c3eebde0a05003b3a9b34b7b082d9f39d7cd18a0a8272ba347a636","16948680","1681854240","2023-04-18 21:44:00","0x297adbb802536bb79b5d7d580b25074d4e40de33","","0x60b839b80a2dd77c65903cbfea7271bfb3c4fe31","0","0","0","0.002234493","4.14091773774","2104.28","","","0x60806040",""
"0x9d0573fdea524eb2bd38f30de88c4fc31a040497aa7768abd4f5acb6e5d9c63b","16948685","1681854243","2023-04-18 21:44:03","0x297adbb802536bb79b5d7d580b25074d4e40de33","0x60b839b80a2dd77c65903cbfea7271bfb3c4fe31","","0","0","0","0.000052384","0.09707698112","2104.28","","","0xa3274c9b",""
"0x83ffa7606541df62cbbed9974cd6d861f1018ff0f9d31814995a9334c6e7195c","16948687","1681854243","2023-04-18 21:44:03","0x297adbb802536bb79b5d7d580b25074d4e40de33","0x60b839b80a2dd77c65903cbfea7271bfb3c4fe31","","0","0","0","0.000052384","0.09707698112","2104.28","","","0xa3274c9b",""
"0x9c226beba2280a0272437963d6e857015834c1a92464e6ad9e6b4fec1110dd46","16948689","1681854244","2023-04-18 21:44:04","0x297adbb802536bb79b5d7d580b25074d4e40de33","0x60b839b80a2dd77c65903cbfea7271bfb3c4fe31","","0","0","0","0.000052384","0.09707698112","2104.28","","","0xa3274c9b",""
"0xcf7849ad011c1a0d0eba758d239ec34106dae2dc0d85fafd53f59c771849406f","16948690","1681854244","2023-04-18 21:44:04","0x297adbb802536bb79b5d7d580b25074d4e40de33","0x60b839b80a2dd77c65903cbfea7271bfb3c4fe31","","0","0","0","0.000052384","0.09707698112","2104.28","","","0xa3274c9b",""
"0xe384ad6547197efac720ed7cdf5b1f08bbab51705fc0007c7f525febc160619a","16948691","1681854245","2023-04-18 21:44:05","0x297adbb802536bb79b5d7d580b25074d4e40de33","0x60b839b80a2dd77c65903cbfea7271bfb3c4fe31","","0","0","0","0.000069484","0.12876635912","2104.28","","","0xa3274c9b",""
"0x180b4f8dcd01325a10fbb2f37ba055083f1f6e0029abbf68fde3209c239c3f01","16948694","1681854245","2023-04-18 21:44:05","0x297adbb802536bb79b5d7d580b25074d4e40de33","0x60b839b80a2dd77c65903cbfea7271bfb3c4fe31","","0","0","0","0.000069484","0.12876635912","2104.28","","","0xa3274c9b",""
"0x6f7e8c7cf2e977c32bbe06bc12d6592d1c8e15e9103c6fde3a953a89ced4719a","16948698","1681854246","2023-04-18 21:44:06","0x297adbb802536bb79b5d7d580b25074d4e40de33","0x60b839b80a2dd77c65903cbfea7271bfb3c4fe31","","0","0","0","0.000052384","0.09707698112","2104.28","","","0xa3274c9b",""
"0xb65a2ffb7004030e349b7dd5c3529541b57b55033e403fd74524682dc8b90c09","16948699","1681854247","2023-04-18 21:44:07","0x297adbb802536bb79b5d7d580b25074d4e40de33","0x60b839b80a2dd77c65903cbfea7271bfb3c4fe31","","0","0","0","0.000052384","0.09707698112","2104.28","","","0xa3274c9b",""
"0x9f92ffecc80560d8f3cc6e9ff0510ad658e22b6732dc9df6cd460b7e75627f51","16948701","1681854247","2023-04-18 21:44:07","0x297adbb802536bb79b5d7d580b25074d4e40de33","0x60b839b80a2dd77c65903cbfea7271bfb3c4fe31","","0","0","0","0.000052384","0.09707698112","2104.28","","","0xa3274c9b",""
"0x4b14dc9bf7001c879bd74dc2c36587aaf8b65e8960a13ecdbb12a32885411820","16948702","1681854248","2023-04-18 21:44:08","0x297adbb802536bb79b5d7d580b25074d4e40de33","0x60b839b80a2dd77c65903cbfea7271bfb3c4fe31","","0","0","0","0.000069472","0.12874412096","2104.28","","","0xa3274c9b",""
"0x21752d7549abe0c6e8914f08dea22ad2a8f1d518d5b49a29ede3d594d4f8189e","16948704","1681854248","2023-04-18 21:44:08","0x297adbb802536bb79b5d7d580b25074d4e40de33","0x60b839b80a2dd77c65903cbfea7271bfb3c4fe31","","0","0","0","0.000052384","0.09707698112","2104.28","","","0xa3274c9b",""
"0x908e71c7a11a9f80dce737c474cf1ce7e6ebea2431303d0052497a2250e5d53d","16948705","1681854249","2023-04-18 21:44:09","0x297adbb802536bb79b5d7d580b25074d4e40de33","0x60b839b80a2dd77c65903cbfea7271bfb3c4fe31","","0","0","0","0.000052384","0.09707698112","2104.28","","","0xa3274c9b",""
"0x4327c94cd7635db295a4af142b360317c880fd75dbd8fc119d5490583ba08013","16948707","1681854251","2023-04-18 21:44:11","0x297adbb802536bb79b5d7d580b25074d4e40de33","0x60b839b80a2dd77c65903cbfea7271bfb3c4fe31","","0","0","0","0.000029265","0.0542333127","2104.28","","","0x8b206fab",""
"0xdf3d44cea4e8e5127d38a0d22b70e611247c40e179cff6624a245a7004056863","16948711","1681854252","2023-04-18 21:44:12","0x297adbb802536bb79b5d7d580b25074d4e40de33","0x60b839b80a2dd77c65903cbfea7271bfb3c4fe31","","0","0","0","0.000029265","0.0542333127","2104.28","","","0x8b206fab",""
"0xa3dfc2b0fe55b60bb2cccf79f93dc4ed4f4733912314e20be00338093c45e586","16948713","1681854252","2023-04-18 21:44:12","0x297adbb802536bb79b5d7d580b25074d4e40de33","0x60b839b80a2dd77c65903cbfea7271bfb3c4fe31","","0","0","0","0.000029265","0.0542333127","2104.28","","","0x8b206fab",""
"0xe00423e0ceb5eb44faf36e6bfcd0b8f1269ae4f1e27f413b31285fffd57cc42a","16948716","1681854253","2023-04-18 21:44:13","0x297adbb802536bb79b5d7d580b25074d4e40de33","0x60b839b80a2dd77c65903cbfea7271bfb3c4fe31","","0","0","0","0.000029265","0.0542333127","2104.28","","","0x8b206fab",""
"0x1047609cad6be2600489dab343fd9cbd14e53ec462405e5a7c16f01aea3306cc","16948717","1681854253","2023-04-18 21:44:13","0x297adbb802536bb79b5d7d580b25074d4e40de33","0x60b839b80a2dd77c65903cbfea7271bfb3c4fe31","","0","0","0","0.000029253","0.05421107454","2104.28","","","0x8b206fab",""
"0xf4fc5a1974da47c6c905b7b35b9aae46336c76289807288528d75ae554b34463","16948718","1681854254","2023-04-18 21:44:14","0x297adbb802536bb79b5d7d580b25074d4e40de33","0x60b839b80a2dd77c65903cbfea7271bfb3c4fe31","","0","0","0","0.000029265","0.0542333127","2104.28","","","0x8b206fab",""
"0xa510a19aafd332c54604cbd00d9057be9b7930665df14b4f311aa0e8249db35f","16948720","1681854254","2023-04-18 21:44:14","0x297adbb802536bb79b5d7d580b25074d4e40de33","0x60b839b80a2dd77c65903cbfea7271bfb3c4fe31","","0","0","0","0.000029265","0.0542333127","2104.28","","","0x8b206fab",""
"0xac71ff0685ba34bf0181c0a92c95b3e629862f5f6db62da3d46d4d396d948b5a","16948722","1681854255","2023-04-18 21:44:15","0x297adbb802536bb79b5d7d580b25074d4e40de33","0x60b839b80a2dd77c65903cbfea7271bfb3c4fe31","","0","0","0","0.000029265","0.0542333127","2104.28","","","0x8b206fab",""
"0x1b02d8dfa05b376d5980034dd17e7f3ee28712ba39319d41eb0204b7bcf7bc15","16948723","1681854255","2023-04-18 21:44:15","0x297adbb802536bb79b5d7d580b25074d4e40de33","0x60b839b80a2dd77c65903cbfea7271bfb3c4fe31","","0","0","0","0.000029265","0.0542333127","2104.28","","","0x8b206fab",""
"0x8ce8e352012595a3f477ba558a580639b7fc72df6bd01808e4e74be05d009c76","16948724","1681854256","2023-04-18 21:44:16","0x297adbb802536bb79b5d7d580b25074d4e40de33","0x60b839b80a2dd77c65903cbfea7271bfb3c4fe31","","0","0","0","0.000029265","0.0542333127","2104.28","","","0x8b206fab",""
"0x2d32586283e6b610c5b72b6a6b9f7c3bcb0dc4d7f18b651f7223405ea7e9c927","16948725","1681854256","2023-04-18 21:44:16","0x297adbb802536bb79b5d7d580b25074d4e40de33","0x60b839b80a2dd77c65903cbfea7271bfb3c4fe31","","0","0","0","0.000029265","0.0542333127","2104.28","","","0x8b206fab",""
"0x3dc7f27b9af524d81d38e525192be00c7fd46756ee402c01d4bcb72667eef996","16948727","1681854256","2023-04-18 21:44:16","0x297adbb802536bb79b5d7d580b25074d4e40de33","0x60b839b80a2dd77c65903cbfea7271bfb3c4fe31","","0","0","0","0.000029265","0.0542333127","2104.28","","","0x8b206fab",""
"0xb70d7fd60368a54bec106ab31c456453e56dba30f715323e6e3c0db44f8ca803","16948732","1681854259","2023-04-18 21:44:19","0x297adbb802536bb79b5d7d580b25074d4e40de33","0x60b839b80a2dd77c65903cbfea7271bfb3c4fe31","","0","0","0","0.000030869","0.05720581342","2104.28","","","0x89f04552",""
"0xc177595a3132214331ff400f5ec92d8a9eaa7182a5372936d7bc22a304ed2fdc","17394256","1682164706","2023-04-22 11:58:26","0x297adbb802536bb79b5d7d580b25074d4e40de33","","0x7351e15c6674f3f3b442ecb2ddb5c6463c5cf169","0","0","0","0.002234493","4.14091773774","","","","0x60806040",""
"0xb98ba76b2aa7a6237947cf677e13d9a4f265c2d38b912dfca57d20c87b463101","17394259","1682164707","2023-04-22 11:58:27","0x297adbb802536bb79b5d7d580b25074d4e40de33","0x7351e15c6674f3f3b442ecb2ddb5c6463c5cf169","","0","0","0","0.000030869","0.05720581342","","","","0x89f04552",""
