"Txhash","Blockno","UnixTimestamp","DateTime","From","To","ContractAddress","Value_IN(ETH)","Value_OUT(ETH)","CurrentValue @ $0/Eth","TxnFee(ETH/Boba)","TxnFee(USD)","Historical $Price/Eth","Status","ErrCode","Method"
"0x3490d7d03388958c0e257936095b20363b41abd72f42eff8772d8aa118a69a9f","8908","1681112506","2023-04-10 07:41:46","0x007ab5199b6c57f7aa51bc3d0604a43505501a0c","0x297adbb802536bb79b5d7d580b25074d4e40de33","","0.001","0","0","0.000026757","0","","","","Transfer",""
"0xb0ad917c64e33489f664f012aa160bb73ba7031dcab7a54c426fabf6a588cb4a","9225","1681723786","2023-04-17 09:29:46","0x297adbb802536bb79b5d7d580b25074d4e40de33","","0xe50f1dab0363a9d92c7145e93c191b7159e2b9e3","0","0","0","0.002614263","0","","","","0x60806040",""
"0x6d989f3f86d57692f8caebb64dd34ace5a1784cb40b84c23fba55c70fc3b76d5","9226","1681723858","2023-04-17 09:30:58","0x297adbb802536bb79b5d7d580b25074d4e40de33","","0x9577fdb50e6361b6c87c27caa379162cb9745c4a","0","0","0","0.002416734","0","","","","0x60806040",""
"0x9b707028df7e86148842d895e21aa86d79e0eec85cce0571d141d19f4f35673c","9227","1681723858","2023-04-17 09:30:58","0x297adbb802536bb79b5d7d580b25074d4e40de33","0x9577fdb50e6361b6c87c27caa379162cb9745c4a","","0","0","0","0.000076069","0","","","","0xa3274c9b",""
"0x42dc65eb1bfee598328fb51037f71c3f9e54d90fa8c8f6b75c008223aa43b0a7","9228","1681723863","2023-04-17 09:31:03","0x297adbb802536bb79b5d7d580b25074d4e40de33","0x9577fdb50e6361b6c87c27caa379162cb9745c4a","","0","0","0","0.000076099","0","","","","0xa3274c9b",""
"0xf0dc35bc7a75a6062c9ee22c04500a86579f8e82d4fea8d535e8758acea633f3","9229","1681723863","2023-04-17 09:31:03","0x297adbb802536bb79b5d7d580b25074d4e40de33","0x9577fdb50e6361b6c87c27caa379162cb9745c4a","","0","0","0","0.000076099","0","","","","0xa3274c9b",""
"0x6f23c546f7f1e879691b72bf41e35f8e09d8cc2a70f911999520cfdb67802abb","9230","1681723863","2023-04-17 09:31:03","0x297adbb802536bb79b5d7d580b25074d4e40de33","0x9577fdb50e6361b6c87c27caa379162cb9745c4a","","0","0","0","0.000058999","0","","","","0xa3274c9b",""
"0xa7a04b8e638e8c70cc9e66b3eaa36e1e2f2a75518ef579f61ec5779ac694db6c","9231","1681723869","2023-04-17 09:31:09","0x297adbb802536bb79b5d7d580b25074d4e40de33","0x9577fdb50e6361b6c87c27caa379162cb9745c4a","","0","0","0","0.000058999","0","","","","0xa3274c9b",""
"0xa27f355783b51dd26941ac801e9db9e629b5ce1a7720d1fd18aaefa9a33fae46","9232","1681723869","2023-04-17 09:31:09","0x297adbb802536bb79b5d7d580b25074d4e40de33","0x9577fdb50e6361b6c87c27caa379162cb9745c4a","","0","0","0","0.000058999","0","","","","0xa3274c9b",""
"0xaced7d2c2bf903858908b56ae0d0b375e87cd52334823bad5c12dcafc99719cf","9233","1681723874","2023-04-17 09:31:14","0x297adbb802536bb79b5d7d580b25074d4e40de33","0x9577fdb50e6361b6c87c27caa379162cb9745c4a","","0","0","0","0.000058999","0","","","","0xa3274c9b",""
"0x7d5e916a4928198afd51bac57688429153f9a484ae552bd54b735352000b3de1","9234","1681723874","2023-04-17 09:31:14","0x297adbb802536bb79b5d7d580b25074d4e40de33","0x9577fdb50e6361b6c87c27caa379162cb9745c4a","","0","0","0","0.000058999","0","","","","0xa3274c9b",""
"0xc24e903165918296bc5ba9eb764bef179f4b976db82d0d6b19e5209ebc682305","9235","1681723879","2023-04-17 09:31:19","0x297adbb802536bb79b5d7d580b25074d4e40de33","0x9577fdb50e6361b6c87c27caa379162cb9745c4a","","0","0","0","0.000058999","0","","","","0xa3274c9b",""
"0x530099932e2726774c3065f4831a348cf3c87cbc477777562759792715d7a733","9236","1681723879","2023-04-17 09:31:19","0x297adbb802536bb79b5d7d580b25074d4e40de33","0x9577fdb50e6361b6c87c27caa379162cb9745c4a","","0","0","0","0.000058999","0","","","","0xa3274c9b",""
"0x7a73f8e56abee570370c042c136d19a2fe5ac883ed28b8ced566ece4142d27ee","9237","1681723879","2023-04-17 09:31:19","0x297adbb802536bb79b5d7d580b25074d4e40de33","0x9577fdb50e6361b6c87c27caa379162cb9745c4a","","0","0","0","0.000058999","0","","","","0xa3274c9b",""
"0x57fbdc2e3c7506eaecd51414932e5a749a2ba13952eb33c13807f29dbb56398a","9238","1681723886","2023-04-17 09:31:26","0x297adbb802536bb79b5d7d580b25074d4e40de33","0x9577fdb50e6361b6c87c27caa379162cb9745c4a","","0","0","0","0.000058999","0","","","","0xa3274c9b",""
"0xaae21de2f2a668cc1b4a918f607e1974f83b9bf2b623bd77a612578e61b0864b","9239","1681723886","2023-04-17 09:31:26","0x297adbb802536bb79b5d7d580b25074d4e40de33","0x9577fdb50e6361b6c87c27caa379162cb9745c4a","","0","0","0","0.00003585","0","","","","0x8b206fab",""
"0x256a8d3f07aa87adfa9315bc111a8009d767fd6dc48daefff54706bedd2af114","9240","1681723886","2023-04-17 09:31:26","0x297adbb802536bb79b5d7d580b25074d4e40de33","0x9577fdb50e6361b6c87c27caa379162cb9745c4a","","0","0","0","0.00003588","0","","","","0x8b206fab",""
"0x03e55dac7d0716b153f5fd38502efbad5b0829c648c3b53fa126a2fa95114e84","9241","1681723892","2023-04-17 09:31:32","0x297adbb802536bb79b5d7d580b25074d4e40de33","0x9577fdb50e6361b6c87c27caa379162cb9745c4a","","0","0","0","0.00003588","0","","","","0x8b206fab",""
"0x937636603ac7901c1107af9c7bdd4735959d0248949097185726d1169285c908","9242","1681723892","2023-04-17 09:31:32","0x297adbb802536bb79b5d7d580b25074d4e40de33","0x9577fdb50e6361b6c87c27caa379162cb9745c4a","","0","0","0","0.00003588","0","","","","0x8b206fab",""
"0x80991fb600cbd503c5a4d13e1fb2c2f9064abe00aea3fcee372ff9845884d51c","9243","1681723897","2023-04-17 09:31:37","0x297adbb802536bb79b5d7d580b25074d4e40de33","0x9577fdb50e6361b6c87c27caa379162cb9745c4a","","0","0","0","0.00003588","0","","","","0x8b206fab",""
"0xfc25faddb226368f4350caafb7ea004def9c7a96c23b340c346bea01da827f53","9245","1681725960","2023-04-17 10:06:00","0x297adbb802536bb79b5d7d580b25074d4e40de33","","0x4a4b5c7f95f7fe5f71a7d2cebc8418ebd18fcbc2","0","0","0","0.002416734","0","","","","0x60806040",""
"0x9cfedb3f1ea2616385a3bf78ee637758179b362143b33ee9dfdf5c6b569a7a4a","9246","1681725960","2023-04-17 10:06:00","0x297adbb802536bb79b5d7d580b25074d4e40de33","0x4a4b5c7f95f7fe5f71a7d2cebc8418ebd18fcbc2","","0","0","0","0.000058999","0","","","","0xa3274c9b",""
"0xe2af2d58189425e2ec70cd746841a1d6fba31c9fb17917cfaa4a3ef80e29aaf0","9247","1681725960","2023-04-17 10:06:00","0x297adbb802536bb79b5d7d580b25074d4e40de33","0x4a4b5c7f95f7fe5f71a7d2cebc8418ebd18fcbc2","","0","0","0","0.000076099","0","","","","0xa3274c9b",""
"0xe68724db3153bb0a4d9fda7c9c152d814f7329798f0580bab06b12909bd76884","9248","1681725960","2023-04-17 10:06:00","0x297adbb802536bb79b5d7d580b25074d4e40de33","0x4a4b5c7f95f7fe5f71a7d2cebc8418ebd18fcbc2","","0","0","0","0.000076099","0","","","","0xa3274c9b",""
"0xa4ef98e04b9c38db4822b1ccb3b10e253c68c7351ed7d07ebd6eb4cca744e93e","9249","1681725960","2023-04-17 10:06:00","0x297adbb802536bb79b5d7d580b25074d4e40de33","0x4a4b5c7f95f7fe5f71a7d2cebc8418ebd18fcbc2","","0","0","0","0.000076069","0","","","","0xa3274c9b",""
"0xad9a3cc6e20804c240036b72c88f7d60c1876f8602e0b44da8829f74f2c8d63b","9250","1681725960","2023-04-17 10:06:00","0x297adbb802536bb79b5d7d580b25074d4e40de33","0x4a4b5c7f95f7fe5f71a7d2cebc8418ebd18fcbc2","","0","0","0","0.000058999","0","","","","0xa3274c9b",""
"0x5286054399122b6bea309908a2f2976b6e9ef16ed4e66a1ff883317238dc6dc4","9251","1681725960","2023-04-17 10:06:00","0x297adbb802536bb79b5d7d580b25074d4e40de33","0x4a4b5c7f95f7fe5f71a7d2cebc8418ebd18fcbc2","","0","0","0","0.000058999","0","","","","0xa3274c9b",""
"0x68447e9e1d29f9e339daa3fad98b9daa0a4f826cd79c5f4195b1fb0aa6d1a343","9252","1681725965","2023-04-17 10:06:05","0x297adbb802536bb79b5d7d580b25074d4e40de33","0x4a4b5c7f95f7fe5f71a7d2cebc8418ebd18fcbc2","","0","0","0","0.000058999","0","","","","0xa3274c9b",""
"0x80ce25e749da1d523295594311bdf1950e0f44bde92095c41a897c0e2be49e57","9253","1681725965","2023-04-17 10:06:05","0x297adbb802536bb79b5d7d580b25074d4e40de33","0x4a4b5c7f95f7fe5f71a7d2cebc8418ebd18fcbc2","","0","0","0","0.000058999","0","","","","0xa3274c9b",""
"0xf8e07c0f7ff111f9d851877c0511411e9798bf034eb121b27f1b327d8c79eab6","9254","1681725965","2023-04-17 10:06:05","0x297adbb802536bb79b5d7d580b25074d4e40de33","0x4a4b5c7f95f7fe5f71a7d2cebc8418ebd18fcbc2","","0","0","0","0.000058999","0","","","","0xa3274c9b",""
"0x846c04ee9df4317fccf0b1504335a52c5aaef1f618c9b2d44ce903bd7c58127c","9255","1681725965","2023-04-17 10:06:05","0x297adbb802536bb79b5d7d580b25074d4e40de33","0x4a4b5c7f95f7fe5f71a7d2cebc8418ebd18fcbc2","","0","0","0","0.000058999","0","","","","0xa3274c9b",""
"0xf5866d34a6e6a0a802a70d4a6f727209a02e4d6a4710d7e5b2e2ba8af167f505","9256","1681725965","2023-04-17 10:06:05","0x297adbb802536bb79b5d7d580b25074d4e40de33","0x4a4b5c7f95f7fe5f71a7d2cebc8418ebd18fcbc2","","0","0","0","0.000058999","0","","","","0xa3274c9b",""
"0x4df3f0cda61bafa5b1f0b92360a40ee9586020fea989f45bb6b68206737ef981","9257","1681725965","2023-04-17 10:06:05","0x297adbb802536bb79b5d7d580b25074d4e40de33","0x4a4b5c7f95f7fe5f71a7d2cebc8418ebd18fcbc2","","0","0","0","0.000058999","0","","","","0xa3274c9b",""
"0x2b42f502587b4b2b239fe6131340730994040a2638ac79defca7207e8a888b29","9258","1681725970","2023-04-17 10:06:10","0x297adbb802536bb79b5d7d580b25074d4e40de33","0x4a4b5c7f95f7fe5f71a7d2cebc8418ebd18fcbc2","","0","0","0","0.00003588","0","","","","0x8b206fab",""
"0x0477f95316a3845b53388185d04ed5dc7a644e004efca62df9821111cb3c7e72","9259","1681725970","2023-04-17 10:06:10","0x297adbb802536bb79b5d7d580b25074d4e40de33","0x4a4b5c7f95f7fe5f71a7d2cebc8418ebd18fcbc2","","0","0","0","0.00003585","0","","","","0x8b206fab",""
"0x14a895835d62768af4577e1eaaa91d69252b6570c5679f83fe713e78c146841d","9260","1681725970","2023-04-17 10:06:10","0x297adbb802536bb79b5d7d580b25074d4e40de33","0x4a4b5c7f95f7fe5f71a7d2cebc8418ebd18fcbc2","","0","0","0","0.00003588","0","","","","0x8b206fab",""
"0x663a9e798bb718fe615385741852ca8d722633a94bc6a48500ded95442cb3cb9","9261","1681725970","2023-04-17 10:06:10","0x297adbb802536bb79b5d7d580b25074d4e40de33","0x4a4b5c7f95f7fe5f71a7d2cebc8418ebd18fcbc2","","0","0","0","0.00003588","0","","","","0x8b206fab",""
"0xf989bdbbba1f61f0490c8a3d1c00fc06e1fb88833d6cd6ca71f283a6560f1961","9262","1681725970","2023-04-17 10:06:10","0x297adbb802536bb79b5d7d580b25074d4e40de33","0x4a4b5c7f95f7fe5f71a7d2cebc8418ebd18fcbc2","","0","0","0","0.00003588","0","","","","0x8b206fab",""
"0xecdd7e3d02de88de2626df5b4ea614070e7c98865b1f648f60ef8a6e4ca64d71","9263","1681725970","2023-04-17 10:06:10","0x297adbb802536bb79b5d7d580b25074d4e40de33","0x4a4b5c7f95f7fe5f71a7d2cebc8418ebd18fcbc2","","0","0","0","0.00003588","0","","","","0x8b206fab",""
"0x216eca1e866202d3688274f772e9fd30939ccbff6ba7e860043f74b0958d01e3","9264","1681725970","2023-04-17 10:06:10","0x297adbb802536bb79b5d7d580b25074d4e40de33","0x4a4b5c7f95f7fe5f71a7d2cebc8418ebd18fcbc2","","0","0","0","0.00003588","0","","","","0x8b206fab",""
"0x90adc5012d8830d8133b875227c8974ab777e021d3df223d482bada251a61a88","9265","1681725970","2023-04-17 10:06:10","0x297adbb802536bb79b5d7d580b25074d4e40de33","0x4a4b5c7f95f7fe5f71a7d2cebc8418ebd18fcbc2","","0","0","0","0.00003588","0","","","","0x8b206fab",""
"0xb2a34a201853e883cd0a6276e9d1c16231cb010fba8eab29a872e6f0015123b5","9266","1681725970","2023-04-17 10:06:10","0x297adbb802536bb79b5d7d580b25074d4e40de33","0x4a4b5c7f95f7fe5f71a7d2cebc8418ebd18fcbc2","","0","0","0","0.00003588","0","","","","0x8b206fab",""
"0x4f5d92c31959a5f0a4e44f73e6d4929112b6da39f6a81c13c61940b3955ec679","9267","1681725970","2023-04-17 10:06:10","0x297adbb802536bb79b5d7d580b25074d4e40de33","0x4a4b5c7f95f7fe5f71a7d2cebc8418ebd18fcbc2","","0","0","0","0.00003588","0","","","","0x8b206fab",""
"0x4574b2bb242beb827c51a7146b266db86b49a91a2c3b1284cf056a04e0b688b6","9268","1681725970","2023-04-17 10:06:10","0x297adbb802536bb79b5d7d580b25074d4e40de33","0x4a4b5c7f95f7fe5f71a7d2cebc8418ebd18fcbc2","","0","0","0","0.00003588","0","","","","0x8b206fab",""
"0x02b33424c532b79468cd81a88a38efa8ef49ae856260711e473e768f5ae0203b","9269","1681725970","2023-04-17 10:06:10","0x297adbb802536bb79b5d7d580b25074d4e40de33","0x4a4b5c7f95f7fe5f71a7d2cebc8418ebd18fcbc2","","0","0","0","0.00003588","0","","","","0x8b206fab",""
"0x60f74544de6a65e67bedbcda7c6e3183d2b752c7491764a3a06f89f94d7d8fdc","9270","1681725976","2023-04-17 10:06:16","0x297adbb802536bb79b5d7d580b25074d4e40de33","0x4a4b5c7f95f7fe5f71a7d2cebc8418ebd18fcbc2","","0","0","0","0.000036722","0","","","","0x89f04552",""
"0xd58d5a46f52d411e89623e8b2fccd5580a3cd85a8fb224ada46409dc077880c3","9301","1681807702","2023-04-18 08:48:22","0x297adbb802536bb79b5d7d580b25074d4e40de33","","0x6c1c3b87064af1efdf34ffd4260a0c4651e21c4f","0","0","0","0.002416734","0","","","","0x60806040",""
"0x067a68394439d7acd30d8f77e8385dc9f7a10507bffd88224328d06e79d3023f","9302","1681807702","2023-04-18 08:48:22","0x297adbb802536bb79b5d7d580b25074d4e40de33","0x6c1c3b87064af1efdf34ffd4260a0c4651e21c4f","","0","0","0","0.000076069","0","","","","0xa3274c9b",""
"0x34cd9bd0cb4902d9061858fe994e4a8e7c82641271e4482a067aec8b8b48ba89","9303","1681807707","2023-04-18 08:48:27","0x297adbb802536bb79b5d7d580b25074d4e40de33","0x6c1c3b87064af1efdf34ffd4260a0c4651e21c4f","","0","0","0","0.000076099","0","","","","0xa3274c9b",""
"0x64d3445cc9410b8988fe3310dbfcec69db5257b26de3f4b8c77da82730381a21","9304","1681807707","2023-04-18 08:48:27","0x297adbb802536bb79b5d7d580b25074d4e40de33","0x6c1c3b87064af1efdf34ffd4260a0c4651e21c4f","","0","0","0","0.000076099","0","","","","0xa3274c9b",""
"0x3aeda64f86f4131dfc18e6fc5ee94083af603f61247a3e8dffc6a59c98fab60e","9305","1681807712","2023-04-18 08:48:32","0x297adbb802536bb79b5d7d580b25074d4e40de33","0x6c1c3b87064af1efdf34ffd4260a0c4651e21c4f","","0","0","0","0.000058999","0","","","","0xa3274c9b",""
"0x8d81f2d0b7290ef5927cb0db8533a29b2d4ce641f9fb061b723baf1ce2e65644","9306","1681807712","2023-04-18 08:48:32","0x297adbb802536bb79b5d7d580b25074d4e40de33","0x6c1c3b87064af1efdf34ffd4260a0c4651e21c4f","","0","0","0","0.000058999","0","","","","0xa3274c9b",""
"0xc94f4f92a154625a5e0a9b89a9c25b170cebd9245b1cc0d198b8e4fd026ac618","9307","1681807717","2023-04-18 08:48:37","0x297adbb802536bb79b5d7d580b25074d4e40de33","0x6c1c3b87064af1efdf34ffd4260a0c4651e21c4f","","0","0","0","0.000058999","0","","","","0xa3274c9b",""
"0x0ab23146b072d4af62a3051d3c7e5736ddb95a88003d8d1d5b0f337dc0964584","9308","1681807717","2023-04-18 08:48:37","0x297adbb802536bb79b5d7d580b25074d4e40de33","0x6c1c3b87064af1efdf34ffd4260a0c4651e21c4f","","0","0","0","0.000058999","0","","","","0xa3274c9b",""
"0x03dafc3974fc5c73e7e34c293ffdc8cb394fa3f9d4ae33b2c87aefd18376929c","9309","1681807717","2023-04-18 08:48:37","0x297adbb802536bb79b5d7d580b25074d4e40de33","0x6c1c3b87064af1efdf34ffd4260a0c4651e21c4f","","0","0","0","0.000058999","0","","","","0xa3274c9b",""
"0xe50424979577176130155c349e1fb8a3287bbbabae8c3b3f0655b117a9829096","9310","1681807724","2023-04-18 08:48:44","0x297adbb802536bb79b5d7d580b25074d4e40de33","0x6c1c3b87064af1efdf34ffd4260a0c4651e21c4f","","0","0","0","0.000058999","0","","","","0xa3274c9b",""
"0x2267b8098079517dc4b3b786dafede2d6d9036348d8cb8ef242ea84afc321070","9311","1681807724","2023-04-18 08:48:44","0x297adbb802536bb79b5d7d580b25074d4e40de33","0x6c1c3b87064af1efdf34ffd4260a0c4651e21c4f","","0","0","0","0.000058999","0","","","","0xa3274c9b",""
"0xdb4cfad5e0e379d32e4907dd78bb5dfb507fa66e8b1d813973af753a7968418f","9312","1681807724","2023-04-18 08:48:44","0x297adbb802536bb79b5d7d580b25074d4e40de33","0x6c1c3b87064af1efdf34ffd4260a0c4651e21c4f","","0","0","0","0.000058999","0","","","","0xa3274c9b",""
"0x92f79cdffc459e2b54e2231ec0f06870c755b408da63c573ed12774a7bf7e2e1","9313","1681807731","2023-04-18 08:48:51","0x297adbb802536bb79b5d7d580b25074d4e40de33","0x6c1c3b87064af1efdf34ffd4260a0c4651e21c4f","","0","0","0","0.000058999","0","","","","0xa3274c9b",""
"0x35bbe4cf9955cf20c6b81f4bd8f4595dbb232c173c8809c24bea5a87b1ad3adf","9314","1681807731","2023-04-18 08:48:51","0x297adbb802536bb79b5d7d580b25074d4e40de33","0x6c1c3b87064af1efdf34ffd4260a0c4651e21c4f","","0","0","0","0.00003585","0","","","","0x8b206fab",""
"0x38ecd72fadc8f4626d03cd959e68c5df8500b21585e7f7b985c609714e916366","9315","1681807731","2023-04-18 08:48:51","0x297adbb802536bb79b5d7d580b25074d4e40de33","0x6c1c3b87064af1efdf34ffd4260a0c4651e21c4f","","0","0","0","0.00003588","0","","","","0x8b206fab",""
"0xb4ff38af8a1120b2a551ceb4919bde3eb8697fb18988aad65f3ae0b06ead2dd7","9316","1681807738","2023-04-18 08:48:58","0x297adbb802536bb79b5d7d580b25074d4e40de33","0x6c1c3b87064af1efdf34ffd4260a0c4651e21c4f","","0","0","0","0.00003588","0","","","","0x8b206fab",""
"0x5256cabd7a4baba622fae6a6b94912e444658cb8272d39c51c5e3f852a581b8b","9317","1681807738","2023-04-18 08:48:58","0x297adbb802536bb79b5d7d580b25074d4e40de33","0x6c1c3b87064af1efdf34ffd4260a0c4651e21c4f","","0","0","0","0.00003588","0","","","","0x8b206fab",""
"0xd53836c2db3cabdaa71eb07e918e37d011b2c647a88f3f6cdb7c85ac2b15aea8","9318","1681807744","2023-04-18 08:49:04","0x297adbb802536bb79b5d7d580b25074d4e40de33","0x6c1c3b87064af1efdf34ffd4260a0c4651e21c4f","","0","0","0","0.00003588","0","","","","0x8b206fab",""
"0x365f18417f606706536069acd6bbe6c7427a37e972ad0ad5760473dae1cfd494","9319","1681807744","2023-04-18 08:49:04","0x297adbb802536bb79b5d7d580b25074d4e40de33","0x6c1c3b87064af1efdf34ffd4260a0c4651e21c4f","","0","0","0","0.00003588","0","","","","0x8b206fab",""
"0x85d63c611246c605c26546f27098c0e052ed54c344171b7e37b04e46748417a2","9320","1681807744","2023-04-18 08:49:04","0x297adbb802536bb79b5d7d580b25074d4e40de33","0x6c1c3b87064af1efdf34ffd4260a0c4651e21c4f","","0","0","0","0.00003588","0","","","","0x8b206fab",""
"0xb575fb5a07efaa418e45b66e5a54cad0b582db8a40a79f3bed8ddbc1693d54d5","9321","1681807751","2023-04-18 08:49:11","0x297adbb802536bb79b5d7d580b25074d4e40de33","0x6c1c3b87064af1efdf34ffd4260a0c4651e21c4f","","0","0","0","0.00003588","0","","","","0x8b206fab",""
"0x0ae3abdcaf082b9bd18bdbca02432669fced7967f28bfacfe74c0db7dde34879","9322","1681807751","2023-04-18 08:49:11","0x297adbb802536bb79b5d7d580b25074d4e40de33","0x6c1c3b87064af1efdf34ffd4260a0c4651e21c4f","","0","0","0","0.00003588","0","","","","0x8b206fab",""
"0x10accf259177797b636c65b9b0469bbe26d02f41fb9201feb60e215c40fc98b8","9323","1681807751","2023-04-18 08:49:11","0x297adbb802536bb79b5d7d580b25074d4e40de33","0x6c1c3b87064af1efdf34ffd4260a0c4651e21c4f","","0","0","0","0.00003588","0","","","","0x8b206fab",""
"0x8c47b32850be53e5ddfe00b9636a04f934efe0ee3241048beb0208b83577e0db","9324","1681807758","2023-04-18 08:49:18","0x297adbb802536bb79b5d7d580b25074d4e40de33","0x6c1c3b87064af1efdf34ffd4260a0c4651e21c4f","","0","0","0","0.00003588","0","","","","0x8b206fab",""
"0x678cd405d48e14a6197fa54b3c47aed5becfae874b824e3e16976f7ce3c6547b","9325","1681807758","2023-04-18 08:49:18","0x297adbb802536bb79b5d7d580b25074d4e40de33","0x6c1c3b87064af1efdf34ffd4260a0c4651e21c4f","","0","0","0","0.00003588","0","","","","0x8b206fab",""
"0x1dccbddb56228d680b8fd9bdbba40329482820b328d28af548ca1b11650895af","9327","1681807941","2023-04-18 08:52:21","0x297adbb802536bb79b5d7d580b25074d4e40de33","","0x117cfbb3cda9a936dafef31e7c6842032189c06a","0","0","0","0.002416734","0","","","","0x60806040",""
"0x3aa761e7fc0e592e6402f9e2fe5a300c0265f3bf7da0b84440263de1777ca806","9328","1681807941","2023-04-18 08:52:21","0x297adbb802536bb79b5d7d580b25074d4e40de33","0x117cfbb3cda9a936dafef31e7c6842032189c06a","","0","0","0","0.000076069","0","","","","0xa3274c9b",""
"0xcc44dd863c991850b61d1a8feddb2e36f7a324597ee8a3b10d163513ddb1cabf","9329","1681807946","2023-04-18 08:52:26","0x297adbb802536bb79b5d7d580b25074d4e40de33","0x117cfbb3cda9a936dafef31e7c6842032189c06a","","0","0","0","0.000076099","0","","","","0xa3274c9b",""
"0x7cd1276803f63e278928ed42d612f61b67dfc96156f32731d1e49d819ad5f555","9330","1681807946","2023-04-18 08:52:26","0x297adbb802536bb79b5d7d580b25074d4e40de33","0x117cfbb3cda9a936dafef31e7c6842032189c06a","","0","0","0","0.000076099","0","","","","0xa3274c9b",""
"0xe13efbc3dc1493c9adb990ccbcf130b9b05c4bca06c3fb286926ada7729f73ec","9331","1681807946","2023-04-18 08:52:26","0x297adbb802536bb79b5d7d580b25074d4e40de33","0x117cfbb3cda9a936dafef31e7c6842032189c06a","","0","0","0","0.000058999","0","","","","0xa3274c9b",""
"0xf564f9c7e77e66373db64ad4223c5d3dde2150986ad917b97c7331367e5243c7","9332","1681807952","2023-04-18 08:52:32","0x297adbb802536bb79b5d7d580b25074d4e40de33","0x117cfbb3cda9a936dafef31e7c6842032189c06a","","0","0","0","0.000058999","0","","","","0xa3274c9b",""
"0xb7f219efd3551d1e882781367d1cecfa16a839bf651258a73dd69f0bdb8dc9e2","9333","1681807952","2023-04-18 08:52:32","0x297adbb802536bb79b5d7d580b25074d4e40de33","0x117cfbb3cda9a936dafef31e7c6842032189c06a","","0","0","0","0.000058999","0","","","","0xa3274c9b",""
"0x8c6650723df2c3fb3064be1b199ad64569df7cce81d0d3fe2a235c18b5ccfdd4","9334","1681807962","2023-04-18 08:52:42","0x297adbb802536bb79b5d7d580b25074d4e40de33","0x117cfbb3cda9a936dafef31e7c6842032189c06a","","0","0","0","0.000058999","0","","","","0xa3274c9b",""
"0xb834a0e401ef32c817c4f44c8c75628ea70eccf5e2ec885b950303d3227840da","9335","1681807962","2023-04-18 08:52:42","0x297adbb802536bb79b5d7d580b25074d4e40de33","0x117cfbb3cda9a936dafef31e7c6842032189c06a","","0","0","0","0.000058999","0","","","","0xa3274c9b",""
"0xa1d0a1c8eec3d7a1e0a91bac9a8c3d804906fe8e4319bf9aa88eb694b0ed54b7","9336","1681807967","2023-04-18 08:52:47","0x297adbb802536bb79b5d7d580b25074d4e40de33","0x117cfbb3cda9a936dafef31e7c6842032189c06a","","0","0","0","0.000058999","0","","","","0xa3274c9b",""
"0xb976f89a14b4b4636fad0cf9fb9b2d595ff10e0d39f57eecdaa74826e14071b8","9337","1681807967","2023-04-18 08:52:47","0x297adbb802536bb79b5d7d580b25074d4e40de33","0x117cfbb3cda9a936dafef31e7c6842032189c06a","","0","0","0","0.000058999","0","","","","0xa3274c9b",""
"0xc41cb124434bbefaf195c8828608e8fc12248ac82bf1efc79105f4b7ee837f93","9338","1681807972","2023-04-18 08:52:52","0x297adbb802536bb79b5d7d580b25074d4e40de33","0x117cfbb3cda9a936dafef31e7c6842032189c06a","","0","0","0","0.000058999","0","","","","0xa3274c9b",""
"0x63c262199d7091468b6ea87feaeef5e50006775b185c2cd361baccc65ff7b4df","9339","1681807972","2023-04-18 08:52:52","0x297adbb802536bb79b5d7d580b25074d4e40de33","0x117cfbb3cda9a936dafef31e7c6842032189c06a","","0","0","0","0.000058999","0","","","","0xa3274c9b",""
"0x860f358f523c52f493c1546bfecc532fd2392355fd291d074eec96e2d7f96b95","9340","1681807972","2023-04-18 08:52:52","0x297adbb802536bb79b5d7d580b25074d4e40de33","0x117cfbb3cda9a936dafef31e7c6842032189c06a","","0","0","0","0.00003585","0","","","","0x8b206fab",""
"0x75bb3b5eaba4933c0a1d2546b05dc20b736b02a624e5ba6b543b3e18e1dd91b1","9341","1681807978","2023-04-18 08:52:58","0x297adbb802536bb79b5d7d580b25074d4e40de33","0x117cfbb3cda9a936dafef31e7c6842032189c06a","","0","0","0","0.00003588","0","","","","0x8b206fab",""
"0x8c2c6410f20a8045a0d7099c4b9b44e68235358d8e1f28049d2a95b2c7d837c4","9342","1681807978","2023-04-18 08:52:58","0x297adbb802536bb79b5d7d580b25074d4e40de33","0x117cfbb3cda9a936dafef31e7c6842032189c06a","","0","0","0","0.00003588","0","","","","0x8b206fab",""
"0xe36dfbc56ae170a61efc8de8b515c8d1fc609b84f94df1bb9344fc5e92680fb1","9343","1681807983","2023-04-18 08:53:03","0x297adbb802536bb79b5d7d580b25074d4e40de33","0x117cfbb3cda9a936dafef31e7c6842032189c06a","","0","0","0","0.00003588","0","","","","0x8b206fab",""
"0x5311808bd4ce0b72ffa23c1ba43eaccb8ab72a6b00a75a231b429a788f2cdbff","9344","1681807983","2023-04-18 08:53:03","0x297adbb802536bb79b5d7d580b25074d4e40de33","0x117cfbb3cda9a936dafef31e7c6842032189c06a","","0","0","0","0.00003588","0","","","","0x8b206fab",""
"0x08c334d616bc587daa727959f3670fc334e87143ea82f0d42db247c98c4a1a6e","9345","1681807983","2023-04-18 08:53:03","0x297adbb802536bb79b5d7d580b25074d4e40de33","0x117cfbb3cda9a936dafef31e7c6842032189c06a","","0","0","0","0.00003588","0","","","","0x8b206fab",""
"0x15f35bedd887a4ce92e1b5ee3b8be0e34b44ca603c56079f6fff72ef738643cd","9346","1681807990","2023-04-18 08:53:10","0x297adbb802536bb79b5d7d580b25074d4e40de33","0x117cfbb3cda9a936dafef31e7c6842032189c06a","","0","0","0","0.00003588","0","","","","0x8b206fab",""
"0x6e1a2767c53627ed41ee0cc0c31616aa1c8f994c0ebba64181dd6f7e45557d61","9347","1681807997","2023-04-18 08:53:17","0x297adbb802536bb79b5d7d580b25074d4e40de33","0x117cfbb3cda9a936dafef31e7c6842032189c06a","","0","0","0","0.00003588","0","","","","0x8b206fab",""
"0xfbe935789c0bd37517a48103a809e3024efbca9afff408e8e0dc0462477cd149","9348","1681807997","2023-04-18 08:53:17","0x297adbb802536bb79b5d7d580b25074d4e40de33","0x117cfbb3cda9a936dafef31e7c6842032189c06a","","0","0","0","0.00003588","0","","","","0x8b206fab",""
"0xb514cbc589d2037d7888be3ae5fd18537ef96821ce49831b260d827731e13b31","9349","1681808002","2023-04-18 08:53:22","0x297adbb802536bb79b5d7d580b25074d4e40de33","0x117cfbb3cda9a936dafef31e7c6842032189c06a","","0","0","0","0.00003588","0","","","","0x8b206fab",""
"0xdad11057eb6dabc2dffcbb7b002be264daf9bdbf8acaa8378fb4e21d69fc9910","9350","1681808002","2023-04-18 08:53:22","0x297adbb802536bb79b5d7d580b25074d4e40de33","0x117cfbb3cda9a936dafef31e7c6842032189c06a","","0","0","0","0.00003588","0","","","","0x8b206fab",""
"0x0b435f6d3a2995f5683604bbe80d80a6ad36e8238831d49beac78f206618b09b","9352","1681811002","2023-04-18 09:43:22","0x297adbb802536bb79b5d7d580b25074d4e40de33","","0x5925717fd489d4b1494f788f4aa40489cfcc46d1","0","0","0","0.002416734","0","","","","0x60806040",""
"0x79daf2edae64f5b9dfbfabfabe46dfc689ec0c74d7d264bce431fd4dde0c234c","9353","1681811002","2023-04-18 09:43:22","0x297adbb802536bb79b5d7d580b25074d4e40de33","0x5925717fd489d4b1494f788f4aa40489cfcc46d1","","0","0","0","0.000076069","0","","","","0xa3274c9b",""
"0x1c4ee548f6865b92c5f6aca66e20cb1b05230a5df64098b602cecf40ac41bf0a","9354","1681811007","2023-04-18 09:43:27","0x297adbb802536bb79b5d7d580b25074d4e40de33","0x5925717fd489d4b1494f788f4aa40489cfcc46d1","","0","0","0","0.000076099","0","","","","0xa3274c9b",""
"0x1006a074d4c742bf11918d3c033f39ffa85edc31a07d43c417a944c4000abc0f","9355","1681811007","2023-04-18 09:43:27","0x297adbb802536bb79b5d7d580b25074d4e40de33","0x5925717fd489d4b1494f788f4aa40489cfcc46d1","","0","0","0","0.000076099","0","","","","0xa3274c9b",""
"0xa35ad2993ff867d00c50c5f1d198e1df6da26526f036d37b8b1cdae030afa4c8","9356","1681811013","2023-04-18 09:43:33","0x297adbb802536bb79b5d7d580b25074d4e40de33","0x5925717fd489d4b1494f788f4aa40489cfcc46d1","","0","0","0","0.000058999","0","","","","0xa3274c9b",""
"0xfd34d52659d7d6dc49a967a2072a2ecf3339bc4b4934ab24955217bfef935d4c","9357","1681811013","2023-04-18 09:43:33","0x297adbb802536bb79b5d7d580b25074d4e40de33","0x5925717fd489d4b1494f788f4aa40489cfcc46d1","","0","0","0","0.000058999","0","","","","0xa3274c9b",""
"0xdc44208daf17a4d7fcbc430b08d6a8ea020aee3408a66399a0b353aa56148a65","9358","1681811018","2023-04-18 09:43:38","0x297adbb802536bb79b5d7d580b25074d4e40de33","0x5925717fd489d4b1494f788f4aa40489cfcc46d1","","0","0","0","0.000058999","0","","","","0xa3274c9b",""
"0x8f83dcda63c17296dda074a0ab9fa67e60f64edafde9f2699a3abf60f1daf208","9359","1681811018","2023-04-18 09:43:38","0x297adbb802536bb79b5d7d580b25074d4e40de33","0x5925717fd489d4b1494f788f4aa40489cfcc46d1","","0","0","0","0.000058999","0","","","","0xa3274c9b",""
"0xbfa12d10a2d93256ae16f75355a520f6b9e1ba84053c5ffa8548ec4819a94ed7","9360","1681811023","2023-04-18 09:43:43","0x297adbb802536bb79b5d7d580b25074d4e40de33","0x5925717fd489d4b1494f788f4aa40489cfcc46d1","","0","0","0","0.000058999","0","","","","0xa3274c9b",""
"0x132cf875063a3c0f3a5efe1e6e61b86106c002aff0801f6b28615aacbea5e33f","9361","1681811023","2023-04-18 09:43:43","0x297adbb802536bb79b5d7d580b25074d4e40de33","0x5925717fd489d4b1494f788f4aa40489cfcc46d1","","0","0","0","0.000058999","0","","","","0xa3274c9b",""
"0xc9a1c3adddbc2535e69dcf233b580aa4a77f68a51394963d0433c23595cb3765","9362","1681811028","2023-04-18 09:43:48","0x297adbb802536bb79b5d7d580b25074d4e40de33","0x5925717fd489d4b1494f788f4aa40489cfcc46d1","","0","0","0","0.000058999","0","","","","0xa3274c9b",""
"0xb3017080993a9f0fa6b50add0949bd004595fb96000146960b838c558837a654","9363","1681811028","2023-04-18 09:43:48","0x297adbb802536bb79b5d7d580b25074d4e40de33","0x5925717fd489d4b1494f788f4aa40489cfcc46d1","","0","0","0","0.000058999","0","","","","0xa3274c9b",""
"0x19b9cf472e187a710ac086ea74d6b1ea8764584dfc2cf97b2819e511f401b801","9364","1681811033","2023-04-18 09:43:53","0x297adbb802536bb79b5d7d580b25074d4e40de33","0x5925717fd489d4b1494f788f4aa40489cfcc46d1","","0","0","0","0.000058999","0","","","","0xa3274c9b",""
"0xf8a459f2b11238e5dc01605d933e837dabd2d1f5fb05062398a5d313cd101fe6","9365","1681811033","2023-04-18 09:43:53","0x297adbb802536bb79b5d7d580b25074d4e40de33","0x5925717fd489d4b1494f788f4aa40489cfcc46d1","","0","0","0","0.00003585","0","","","","0x8b206fab",""
"0x0db99645a1312158b6815108e27caf7a269753e68af1f257db5c516089190b0f","9366","1681811038","2023-04-18 09:43:58","0x297adbb802536bb79b5d7d580b25074d4e40de33","0x5925717fd489d4b1494f788f4aa40489cfcc46d1","","0","0","0","0.00003588","0","","","","0x8b206fab",""
"0x2a8b5c2ea9bd0cd78e2c6d761f449e3cea3d86a608bc5504b0ffdd47a0cee6f5","9367","1681811038","2023-04-18 09:43:58","0x297adbb802536bb79b5d7d580b25074d4e40de33","0x5925717fd489d4b1494f788f4aa40489cfcc46d1","","0","0","0","0.00003588","0","","","","0x8b206fab",""
"0x3c046c60ee58b0636f824984dc4554c9fda4e0786906f57d1c7718c84c30b6c5","9368","1681811043","2023-04-18 09:44:03","0x297adbb802536bb79b5d7d580b25074d4e40de33","0x5925717fd489d4b1494f788f4aa40489cfcc46d1","","0","0","0","0.00003588","0","","","","0x8b206fab",""
"0xcfef2926401cf646286da40700ff6ae6bd18dc12b22fd539575ee9e4a9164d8a","9369","1681811043","2023-04-18 09:44:03","0x297adbb802536bb79b5d7d580b25074d4e40de33","0x5925717fd489d4b1494f788f4aa40489cfcc46d1","","0","0","0","0.00003588","0","","","","0x8b206fab",""
"0x5cad02dabaa1a088b9974b3c9839471bf357522a4115ec8b95b621f0ad32be33","9370","1681811048","2023-04-18 09:44:08","0x297adbb802536bb79b5d7d580b25074d4e40de33","0x5925717fd489d4b1494f788f4aa40489cfcc46d1","","0","0","0","0.00003588","0","","","","0x8b206fab",""
"0x9059e71f9789229a52295f80cb27a191f8d22dba300a0b1b104e72177c6a3a09","9371","1681811048","2023-04-18 09:44:08","0x297adbb802536bb79b5d7d580b25074d4e40de33","0x5925717fd489d4b1494f788f4aa40489cfcc46d1","","0","0","0","0.00003588","0","","","","0x8b206fab",""
"0x634095f2398481c2727449fdc98fd99b0255dfd3f365e8b048790270be00cd51","9372","1681811054","2023-04-18 09:44:14","0x297adbb802536bb79b5d7d580b25074d4e40de33","0x5925717fd489d4b1494f788f4aa40489cfcc46d1","","0","0","0","0.00003588","0","","","","0x8b206fab",""
"0xa7a4b6092f0076ca3a24fa52be7f03a9703981114653e3d147f13127916d2280","9373","1681811054","2023-04-18 09:44:14","0x297adbb802536bb79b5d7d580b25074d4e40de33","0x5925717fd489d4b1494f788f4aa40489cfcc46d1","","0","0","0","0.00003588","0","","","","0x8b206fab",""
"0x7621a0baed78b2c61e0d269ebec66b4a867b44ed4dc7797fb28e9f9d43805c81","9374","1681811059","2023-04-18 09:44:19","0x297adbb802536bb79b5d7d580b25074d4e40de33","0x5925717fd489d4b1494f788f4aa40489cfcc46d1","","0","0","0","0.00003588","0","","","","0x8b206fab",""
"0x1d81f0d3b847719b03cd5f4a611a6b33c75ee5c0c05c100798f7e220da2b4506","9375","1681811059","2023-04-18 09:44:19","0x297adbb802536bb79b5d7d580b25074d4e40de33","0x5925717fd489d4b1494f788f4aa40489cfcc46d1","","0","0","0","0.00003588","0","","","","0x8b206fab",""
"0x193cabdc97c9f7acd22be78c9a33c56a4141724b7886a24b1f54f4bb7b9c0190","9391","1681855203","2023-04-18 22:00:03","0x297adbb802536bb79b5d7d580b25074d4e40de33","","0x00aed1fdf947b0e501c449c2be50f8fbb209f0a9","0","0","0","0.002416734","0","","","","0x60806040",""
"0xecfbff307c5c6cf5f47e6449e9f53ed4eef6f23f4b3ecef029b8d5866949c896","9392","1681855203","2023-04-18 22:00:03","0x297adbb802536bb79b5d7d580b25074d4e40de33","0x00aed1fdf947b0e501c449c2be50f8fbb209f0a9","","0","0","0","0.000076069","0","","","","0xa3274c9b",""
"0xe21cced57c0b6f58b9d32adc461805023771a2a77ae39db4f6af4893000d80f0","9393","1681855208","2023-04-18 22:00:08","0x297adbb802536bb79b5d7d580b25074d4e40de33","0x00aed1fdf947b0e501c449c2be50f8fbb209f0a9","","0","0","0","0.000076099","0","","","","0xa3274c9b",""
"0xecfd59e5cf8e25fcfc9c788b283452eb8a13bb1979eb867cb59b6c15c335f33b","9394","1681855208","2023-04-18 22:00:08","0x297adbb802536bb79b5d7d580b25074d4e40de33","0x00aed1fdf947b0e501c449c2be50f8fbb209f0a9","","0","0","0","0.000076099","0","","","","0xa3274c9b",""
"0xd369a5b3d80c9eac44ad2afb10eed9aad3c950d80cb78d2b3c1a5488f08a61b9","9395","1681855208","2023-04-18 22:00:08","0x297adbb802536bb79b5d7d580b25074d4e40de33","0x00aed1fdf947b0e501c449c2be50f8fbb209f0a9","","0","0","0","0.000058999","0","","","","0xa3274c9b",""
"0x1f386135276132ee4db7310ca6558834950ff84d5569a86f2abc5d65e34765a5","9396","1681855215","2023-04-18 22:00:15","0x297adbb802536bb79b5d7d580b25074d4e40de33","0x00aed1fdf947b0e501c449c2be50f8fbb209f0a9","","0","0","0","0.000058999","0","","","","0xa3274c9b",""
"0x9ffadbd8fe79f0fd750ab7ef766dd57cb27bb4841f76228f3026a1c33cfdf447","9397","1681855215","2023-04-18 22:00:15","0x297adbb802536bb79b5d7d580b25074d4e40de33","0x00aed1fdf947b0e501c449c2be50f8fbb209f0a9","","0","0","0","0.000058999","0","","","","0xa3274c9b",""
"0xe061019bc10c65f66d04cc406fc11bfca6233c10bd28e73d4436d492c3e42917","9398","1681855215","2023-04-18 22:00:15","0x297adbb802536bb79b5d7d580b25074d4e40de33","0x00aed1fdf947b0e501c449c2be50f8fbb209f0a9","","0","0","0","0.000058999","0","","","","0xa3274c9b",""
"0x2c128ce5c7a2f5fffeaeb9159a26a7e2ab28030d1c00b8f03cd2b222e7eacdcc","9399","1681855221","2023-04-18 22:00:21","0x297adbb802536bb79b5d7d580b25074d4e40de33","0x00aed1fdf947b0e501c449c2be50f8fbb209f0a9","","0","0","0","0.000058999","0","","","","0xa3274c9b",""
"0xbd9e7e05a9ec3c5a28ea87a6d81d649977234dce445b09b878fd2c9b105e6f62","9400","1681855221","2023-04-18 22:00:21","0x297adbb802536bb79b5d7d580b25074d4e40de33","0x00aed1fdf947b0e501c449c2be50f8fbb209f0a9","","0","0","0","0.000058999","0","","","","0xa3274c9b",""
"0x76ca08799d0bd00dbfa42cd8e659490a620e917e4088d2fa9d27eda7d1309f2d","9401","1681855228","2023-04-18 22:00:28","0x297adbb802536bb79b5d7d580b25074d4e40de33","0x00aed1fdf947b0e501c449c2be50f8fbb209f0a9","","0","0","0","0.000058999","0","","","","0xa3274c9b",""
"0x270d8745d6fef316da27e025d918e743e2fd9e138d55dc19934430c8fc526333","9402","1681855228","2023-04-18 22:00:28","0x297adbb802536bb79b5d7d580b25074d4e40de33","0x00aed1fdf947b0e501c449c2be50f8fbb209f0a9","","0","0","0","0.000058999","0","","","","0xa3274c9b",""
"0xe6310e6b7364b6613ce1b446a139d5c080ac0b84904d7df6d45e1a21edb26084","9403","1681855233","2023-04-18 22:00:33","0x297adbb802536bb79b5d7d580b25074d4e40de33","0x00aed1fdf947b0e501c449c2be50f8fbb209f0a9","","0","0","0","0.000058999","0","","","","0xa3274c9b",""
"0xc79643a90aee30c8569b0d130dddc3d791faf6edc8c7f7f3850077c1296ce386","9404","1681855233","2023-04-18 22:00:33","0x297adbb802536bb79b5d7d580b25074d4e40de33","0x00aed1fdf947b0e501c449c2be50f8fbb209f0a9","","0","0","0","0.00003585","0","","","","0x8b206fab",""
"0x7bf9877873e07d6bc828c99993b64115926ab378bb8ba71493e952d348f04311","9405","1681855238","2023-04-18 22:00:38","0x297adbb802536bb79b5d7d580b25074d4e40de33","0x00aed1fdf947b0e501c449c2be50f8fbb209f0a9","","0","0","0","0.00003588","0","","","","0x8b206fab",""
"0xe84bfa3513a1ed37e75ac88c1fabd52564081ede12a569262c41fd8c01751fee","9406","1681855238","2023-04-18 22:00:38","0x297adbb802536bb79b5d7d580b25074d4e40de33","0x00aed1fdf947b0e501c449c2be50f8fbb209f0a9","","0","0","0","0.00003588","0","","","","0x8b206fab",""
"0x0d373cbf9e31aff0bb072596b58ff5373af78ffcc2b28eb87e06290c46027a06","9407","1681855238","2023-04-18 22:00:38","0x297adbb802536bb79b5d7d580b25074d4e40de33","0x00aed1fdf947b0e501c449c2be50f8fbb209f0a9","","0","0","0","0.00003588","0","","","","0x8b206fab",""
"0x1e537580cdfe3a2c7294d0650e7d2b858612227d61f6a0482301bc2f2d681840","9408","1681855244","2023-04-18 22:00:44","0x297adbb802536bb79b5d7d580b25074d4e40de33","0x00aed1fdf947b0e501c449c2be50f8fbb209f0a9","","0","0","0","0.00003588","0","","","","0x8b206fab",""
"0x7a4dcd8e891468b3dccd78bc2b5b8e73bc38979d9a3bfa082766a9817eda61bd","9417","1681891724","2023-04-19 08:08:44","0x297adbb802536bb79b5d7d580b25074d4e40de33","","0x23468a89d08529bdce220d12cf4e300931a8b08d","0","0","0","0.002416734","0","","","","0x60806040",""
"0x5d53dfa8c61e82f7c159e08bebb387ee8e8d9b4b05e14a995b13da6eca653fea","9418","1681891724","2023-04-19 08:08:44","0x297adbb802536bb79b5d7d580b25074d4e40de33","0x23468a89d08529bdce220d12cf4e300931a8b08d","","0","0","0","0.000076069","0","","","","0xa3274c9b",""
"0xcae4a9af04a098ff828ea6625031128785485cf650af400153c5e226087ed95d","9419","1681891729","2023-04-19 08:08:49","0x297adbb802536bb79b5d7d580b25074d4e40de33","0x23468a89d08529bdce220d12cf4e300931a8b08d","","0","0","0","0.000076099","0","","","","0xa3274c9b",""
"0x19ed7d91d428715495c09c02ca6d421a6d8e6c095bc3fc390da2321abb3c8e55","9420","1681891729","2023-04-19 08:08:49","0x297adbb802536bb79b5d7d580b25074d4e40de33","0x23468a89d08529bdce220d12cf4e300931a8b08d","","0","0","0","0.000076099","0","","","","0xa3274c9b",""
"0x0ae4850eae4fa0d39799e2ba275bf8621396424c76346dcb06c50b602c477317","9421","1681891729","2023-04-19 08:08:49","0x297adbb802536bb79b5d7d580b25074d4e40de33","0x23468a89d08529bdce220d12cf4e300931a8b08d","","0","0","0","0.000058999","0","","","","0xa3274c9b",""
"0x252f33af24ee0dd9c85c94e22c8650977076effefb78ca3cc34683c56f9742cb","9422","1681891735","2023-04-19 08:08:55","0x297adbb802536bb79b5d7d580b25074d4e40de33","0x23468a89d08529bdce220d12cf4e300931a8b08d","","0","0","0","0.000058999","0","","","","0xa3274c9b",""
"0x1e9e8c300fb3d6c5737274d26518064464048125e9b07d5a839c3a8b1510357d","9423","1681891735","2023-04-19 08:08:55","0x297adbb802536bb79b5d7d580b25074d4e40de33","0x23468a89d08529bdce220d12cf4e300931a8b08d","","0","0","0","0.000058999","0","","","","0xa3274c9b",""
"0x1ce8f08d043fb9f45273a3ea76c5806501bb74a45e88a541327957dc0101666f","9424","1681891740","2023-04-19 08:09:00","0x297adbb802536bb79b5d7d580b25074d4e40de33","0x23468a89d08529bdce220d12cf4e300931a8b08d","","0","0","0","0.000058999","0","","","","0xa3274c9b",""
"0x15433bc24e7808358bc946107c891ebc4682c574b00bda0c8108302b93edea52","9425","1681891740","2023-04-19 08:09:00","0x297adbb802536bb79b5d7d580b25074d4e40de33","0x23468a89d08529bdce220d12cf4e300931a8b08d","","0","0","0","0.000058999","0","","","","0xa3274c9b",""
"0x7af7ea01c26eb93e2e71c3963d41ee06c277ed7604a32905b0ea6029c21f07aa","9426","1681891740","2023-04-19 08:09:00","0x297adbb802536bb79b5d7d580b25074d4e40de33","0x23468a89d08529bdce220d12cf4e300931a8b08d","","0","0","0","0.000058999","0","","","","0xa3274c9b",""
"0x368c7fb422d4c0417ea593c013c45fccd8fce05d066b68969d421a8c08370cf3","9427","1681891746","2023-04-19 08:09:06","0x297adbb802536bb79b5d7d580b25074d4e40de33","0x23468a89d08529bdce220d12cf4e300931a8b08d","","0","0","0","0.000058999","0","","","","0xa3274c9b",""
"0x4ceeb69051acfd25d24b2db969d897017a62205ee9e4553912bbd4939ea2258a","9428","1681891746","2023-04-19 08:09:06","0x297adbb802536bb79b5d7d580b25074d4e40de33","0x23468a89d08529bdce220d12cf4e300931a8b08d","","0","0","0","0.000058999","0","","","","0xa3274c9b",""
"0xe736c926292b3414b8dfd34da53d641154e81c58785b2dea9bb5097331f3fcba","9429","1681891751","2023-04-19 08:09:11","0x297adbb802536bb79b5d7d580b25074d4e40de33","0x23468a89d08529bdce220d12cf4e300931a8b08d","","0","0","0","0.000058999","0","","","","0xa3274c9b",""
"0x83047792b9c48e492729706a1adf4596313138ca050f3d3da693b250beae7796","9430","1681891751","2023-04-19 08:09:11","0x297adbb802536bb79b5d7d580b25074d4e40de33","0x23468a89d08529bdce220d12cf4e300931a8b08d","","0","0","0","0.00003585","0","","","","0x8b206fab",""
"0x11affa651442d8d868bfa5216349ae0b57980cf4b55522663729b0b3f27a3976","9431","1681891751","2023-04-19 08:09:11","0x297adbb802536bb79b5d7d580b25074d4e40de33","0x23468a89d08529bdce220d12cf4e300931a8b08d","","0","0","0","0.00003588","0","","","","0x8b206fab",""
"0x452e6b591d126b0ca6e8e475fbaaba2fbcb988dbfaa1ac2b4d0c82197c6aa659","9432","1681891757","2023-04-19 08:09:17","0x297adbb802536bb79b5d7d580b25074d4e40de33","0x23468a89d08529bdce220d12cf4e300931a8b08d","","0","0","0","0.00003588","0","","","","0x8b206fab",""
"0xd34e6c184521acb1be065b3f62455b826443537dc9fe43fe8659ca20ce15f74d","9433","1681891757","2023-04-19 08:09:17","0x297adbb802536bb79b5d7d580b25074d4e40de33","0x23468a89d08529bdce220d12cf4e300931a8b08d","","0","0","0","0.00003588","0","","","","0x8b206fab",""
"0xa47c431c0133d61f0631cf4afb6349bbf808907c6557c1e450892e289c834827","9434","1681891757","2023-04-19 08:09:17","0x297adbb802536bb79b5d7d580b25074d4e40de33","0x23468a89d08529bdce220d12cf4e300931a8b08d","","0","0","0","0.00003588","0","","","","0x8b206fab",""
"0x1f53df4faf1cb490705101012bd77ced4585cd565fe619ee6ba4fde0c61ebf21","9435","1681891763","2023-04-19 08:09:23","0x297adbb802536bb79b5d7d580b25074d4e40de33","0x23468a89d08529bdce220d12cf4e300931a8b08d","","0","0","0","0.00003588","0","","","","0x8b206fab",""
"0xc84d401e568553af20ae087d2725a1c3df257cb95bf6a42f869f2b60c80d7cfd","9436","1681891763","2023-04-19 08:09:23","0x297adbb802536bb79b5d7d580b25074d4e40de33","0x23468a89d08529bdce220d12cf4e300931a8b08d","","0","0","0","0.00003588","0","","","","0x8b206fab",""
"0xb24ca0bf544814f223d70c2196045fc512096a38cc30c8e97227678b221d4194","9437","1681891768","2023-04-19 08:09:28","0x297adbb802536bb79b5d7d580b25074d4e40de33","0x23468a89d08529bdce220d12cf4e300931a8b08d","","0","0","0","0.00003588","0","","","","0x8b206fab",""
"0x639594eaab75ade68518b93b1678f9df67a6e7ce9b8ce3179fb35be198c91e3c","9568","1682095904","2023-04-21 16:51:44","0x297adbb802536bb79b5d7d580b25074d4e40de33","","0x1f229c70fc572d4ac620c101fa08e0894936afd2","0","0","0","0.002767174","0","","","","0x60806040",""
"0x018288d6984ec430d9d30a71607170dd540e0d9ec3dbcb297c3c080cd6e330fd","9569","1682095904","2023-04-21 16:51:44","0x297adbb802536bb79b5d7d580b25074d4e40de33","0x1f229c70fc572d4ac620c101fa08e0894936afd2","","0","0","0","0.000076069","0","","","","0xa3274c9b",""
"0x77b8026e07611957232400fbd11357c6602ed4e4543b1a8262baae299d525b1d","9570","1682095909","2023-04-21 16:51:49","0x297adbb802536bb79b5d7d580b25074d4e40de33","0x1f229c70fc572d4ac620c101fa08e0894936afd2","","0","0","0","0.000076099","0","","","","0xa3274c9b",""
"0x906267786406e07aea3ab8d20e6c191c4fe2b144ff300dd7e00ff57eb0b30675","9571","1682095909","2023-04-21 16:51:49","0x297adbb802536bb79b5d7d580b25074d4e40de33","0x1f229c70fc572d4ac620c101fa08e0894936afd2","","0","0","0","0.000076099","0","","","","0xa3274c9b",""
"0xf4d0b8714beed9b646d4da7d7d3f79633eca5ae002677594ea85bfb9d785d0b3","9572","1682095914","2023-04-21 16:51:54","0x297adbb802536bb79b5d7d580b25074d4e40de33","0x1f229c70fc572d4ac620c101fa08e0894936afd2","","0","0","0","0.000076099","0","","","","0xa3274c9b",""
"0xc79019da19bdccadb331f2929e7acaf2463e53c9d7185dba3167a5f85d8ee3f9","9573","1682095914","2023-04-21 16:51:54","0x297adbb802536bb79b5d7d580b25074d4e40de33","0x1f229c70fc572d4ac620c101fa08e0894936afd2","","0","0","0","0.000058999","0","","","","0xa3274c9b",""
"0xa4f5a59d83de6e83c090830c831cf115023adc52d59e02edd0bb606838106991","9574","1682095914","2023-04-21 16:51:54","0x297adbb802536bb79b5d7d580b25074d4e40de33","0x1f229c70fc572d4ac620c101fa08e0894936afd2","","0","0","0","0.000058999","0","","","","0xa3274c9b",""
"0xc30c715cf782a79c80adf5fa6884c542c3c815e0129272782a27bc14e2de0dc9","9575","1682095920","2023-04-21 16:52:00","0x297adbb802536bb79b5d7d580b25074d4e40de33","0x1f229c70fc572d4ac620c101fa08e0894936afd2","","0","0","0","0.000058999","0","","","","0xa3274c9b",""
"0x3e8aeeb17a790f568867a5583bfa7b2399d57a3ffc2c208f6947a4e6091ecdab","9576","1682095920","2023-04-21 16:52:00","0x297adbb802536bb79b5d7d580b25074d4e40de33","0x1f229c70fc572d4ac620c101fa08e0894936afd2","","0","0","0","0.000058999","0","","","","0xa3274c9b",""
"0x52d779976cbcfb7819750e27f02823d8f85093fe4953d591a3dda3e28c115890","9577","1682095920","2023-04-21 16:52:00","0x297adbb802536bb79b5d7d580b25074d4e40de33","0x1f229c70fc572d4ac620c101fa08e0894936afd2","","0","0","0","0.000058999","0","","","","0xa3274c9b",""
"0x9c1d9d41d24f89a64b6cc509f020e73e58a1d932879c064c240ba9f53b55dcf4","9578","1682095927","2023-04-21 16:52:07","0x297adbb802536bb79b5d7d580b25074d4e40de33","0x1f229c70fc572d4ac620c101fa08e0894936afd2","","0","0","0","0.000058999","0","","","","0xa3274c9b",""
"0x2ddded22a216e2ce4c90648ded470da47190b5b6d8ff82eb7dc04a5bdf8969f9","9579","1682095927","2023-04-21 16:52:07","0x297adbb802536bb79b5d7d580b25074d4e40de33","0x1f229c70fc572d4ac620c101fa08e0894936afd2","","0","0","0","0.000058999","0","","","","0xa3274c9b",""
"0x690be9d6e39044bc1d2452d11ade02b5b9dcfeff2f7215fd4d3d170e1cbe0805","9580","1682095927","2023-04-21 16:52:07","0x297adbb802536bb79b5d7d580b25074d4e40de33","0x1f229c70fc572d4ac620c101fa08e0894936afd2","","0","0","0","0.000058999","0","","","","0xa3274c9b",""
"0xc05b86b5664407c41d90227c2dc9ba993de6b6e9fbf56061f65d805ce25225b5","9581","1682095933","2023-04-21 16:52:13","0x297adbb802536bb79b5d7d580b25074d4e40de33","0x1f229c70fc572d4ac620c101fa08e0894936afd2","","0","0","0","0.000058999","0","","","","0xa3274c9b",""
"0x9d6d9cead85ea9bfa28efc97f5b61bcd1570434c69a63a73a62b8ff1917a4448","9582","1682095933","2023-04-21 16:52:13","0x297adbb802536bb79b5d7d580b25074d4e40de33","0x1f229c70fc572d4ac620c101fa08e0894936afd2","","0","0","0","0.000058999","0","","","","0xa3274c9b",""
"0x22202b3c6080dc10da58edc3c6c3c5eb2e4e68db58b2f4c89c162f6a5c2b69fe","9583","1682095933","2023-04-21 16:52:13","0x297adbb802536bb79b5d7d580b25074d4e40de33","0x1f229c70fc572d4ac620c101fa08e0894936afd2","","0","0","0","0.000058999","0","","","","0xa3274c9b",""
"0x7e7320b3c4e76e6da08f771a6ecbaf7ea278756203c82ee520cf1d69e188e90b","9584","1682095940","2023-04-21 16:52:20","0x297adbb802536bb79b5d7d580b25074d4e40de33","0x1f229c70fc572d4ac620c101fa08e0894936afd2","","0","0","0","0.000058999","0","","","","0xa3274c9b",""
"0x32c2dcaadebf72b34dddcb08709e57908f821579d54ce325c78f7134a2ec28d6","9585","1682095940","2023-04-21 16:52:20","0x297adbb802536bb79b5d7d580b25074d4e40de33","0x1f229c70fc572d4ac620c101fa08e0894936afd2","","0","0","0","0.00003585","0","","","","0x8b206fab",""
"0x8b1cae85e324687ea53b5b7099d738468d10f9e92bc4351478f09e1fad6d2f3c","9586","1682095940","2023-04-21 16:52:20","0x297adbb802536bb79b5d7d580b25074d4e40de33","0x1f229c70fc572d4ac620c101fa08e0894936afd2","","0","0","0","0.00003588","0","","","","0x8b206fab",""
"0xf21f66ed002bbe14a2cab32592d0edf32190cfa2d1ca8ff50f55dd4c74342806","9587","1682095946","2023-04-21 16:52:26","0x297adbb802536bb79b5d7d580b25074d4e40de33","0x1f229c70fc572d4ac620c101fa08e0894936afd2","","0","0","0","0.00003588","0","","","","0x8b206fab",""
"0x768eaaef38aa237ee80c6ffefa9a626bfa27da8187f403aeaf36d864f00e5b0b","9588","1682095946","2023-04-21 16:52:26","0x297adbb802536bb79b5d7d580b25074d4e40de33","0x1f229c70fc572d4ac620c101fa08e0894936afd2","","0","0","0","0.00003588","0","","","","0x8b206fab",""
"0xd309615d1a0876cf6d13ebd5966b0b1907e2688be36c00f6836e5049bff8ea4a","9634","1682163979","2023-04-22 11:46:19","0x297adbb802536bb79b5d7d580b25074d4e40de33","","0x76443576cb0d8f83dcd1d41bc0f3e0f45aef5aa1","0","0","0","0.002416734","0","","","","0x60806040",""
"0x71fe7e478ec2aac05a0f246a98da2bfe048eb766c043dd75b806d3c4245d31c3","9635","1682163979","2023-04-22 11:46:19","0x297adbb802536bb79b5d7d580b25074d4e40de33","0x76443576cb0d8f83dcd1d41bc0f3e0f45aef5aa1","","0","0","0","0.000036722","0","","","","0x89f04552",""
